频率_Hz,归一化振幅谱
0,7.56663426581511e-10
0.53153520784478,0.0053265786444666
1.06307041568956,0.0211812709841627
1.59460562353434,0.0471926181941352
2.12614083137912,0.0827536021413881
2.6576760392239,0.127039306630323
3.18921124706868,0.179030740319952
3.72074645491346,0.237543967668337
4.25228166275824,0.301263514329813
4.78381687060302,0.368778878369502
5.3153520784478,0.438622892743873
5.84688728629258,0.509310650339691
6.37842249413736,0.579377720583685
6.90995770198214,0.647416453912382
7.44149290982692,0.712109282660785
7.9730281176717,0.772258077686031
8.50456332551648,0.826808801245645
9.03609853336126,0.874870899186946
9.56763374120604,0.915731089696856
10.0991689490508,0.948861421979209
10.6307041568956,0.973921686974883
11.1622393647404,0.990756455198986
11.6937745725852,0.999387186760996
12.2253097804299,1
12.7568449882747,0.992929793948442
13.2883801961195,0.978641493849468
13.8199154039643,0.957709227761749
14.3514506118091,0.930794247095642
14.8829858196538,0.898622377384804
15.4145210274986,0.861961731550575
15.9460562353434,0.82160134110522
16.4775914431882,0.77833126649369
17.009126651033,0.732924641691997
17.5406618588777,0.686121995836044
18.0721970667225,0.638618081325088
18.6037322745673,0.591051328286815
19.1352674824121,0.543995943571716
19.6668026902569,0.497956581817958
20.1983378981016,0.453365438975772
20.7298731059464,0.410581556500753
21.2614083137912,0.369892077869401
21.792943521636,0.331515168017479
22.3244787294808,0.295604289965599
22.8560139373255,0.262253529949962
23.3875491451703,0.231503671087956
23.9190843530151,0.203348733981096
24.4506195608599,0.177742728560297
24.9821547687047,0.154606392765408
25.5136899765494,0.13383372826585
26.0452251843942,0.115298179487396
26.576760392239,0.0988583380599442
27.1082956000838,0.084363089064197
27.6398308079286,0.0716561470460909
28.1713660157733,0.0605799578963349
28.7029012236181,0.0509789668501772
29.2344364314629,0.0427022727981922
29.7659716393077,0.0356057047848291
30.2975068471525,0.0295533681651345
30.8290420549972,0.0244187156932194
31.360577262842,0.0200852032343296
31.8921124706868,0.0164465912973016
32.4236476785316,0.0134069526790681
32.9551828863764,0.0108804437038169
33.4867180942211,0.00879089231179153
34.0182533020659,0.00707125105342079
34.5497885099107,0.00566295726952252
35.0813237177555,0.00451523672558983
35.6128589256002,0.00358438099435303
36.144394133445,0.00283302316204959
36.6759293412898,0.00222943112908887
37.2074645491346,0.00174683299224372
37.7389997569794,0.00136278479521062
38.2705349648242,0.00105858734167674
38.8020701726689,0.000818755773974416
39.3336053805137,0.000630543201999816
39.8651405883585,0.000483517775922066
40.3966757962033,0.000369191176358077
40.9282110040481,0.000280695485610358
41.4597462118928,0.000212504740196784
41.9912814197376,0.00016019708678277
42.5228166275824,0.000120253313195233
43.0543518354272,8.98875513155823e-05
43.585887043272,6.69061035089301e-05
44.1174222511167,4.95905897291997e-05
44.6489574589615,3.66019160694141e-05
45.1804926668063,2.69019011252531e-05
45.7120278746511,1.96897436703087e-05
46.2435630824958,1.43508584190781e-05
46.7750982903406,1.04159350431969e-05
47.3066334981854,7.52838164720693e-06
47.8381687060302,5.41859307176448e-06
48.369703913875,3.88373440553448e-06
48.9012391217197,2.77195042126227e-06
49.4327743295645,1.97010303011937e-06
49.9643095374093,1.3943028822229e-06
50.4958447452541,9.82640103302009e-07
51.0273799530989,6.8963536212838e-07
51.5589151609436,4.82028666883025e-07
52.0904503687884,3.3560215284587e-07
52.6219855766332,2.32797212172844e-07
53.153520784478,1.60937984230627e-07
53.6850559923228,1.10914594424242e-07
54.2165912001675,7.62124240615474e-08
54.7481264080123,5.21996957256817e-08
55.2796616158571,3.56061452908905e-08
55.8111968237019,2.41417672093393e-08
56.3427320315467,1.62176114991588e-08
56.8742672393915,1.07410905080514e-08
57.4058024472362,6.96648735670615e-09
57.937337655081,4.3874174460226e-09
58.4688728629258,2.66223755320862e-09
59.0004080707706,1.56641442922877e-09
59.5319432786153,9.62529567135709e-10
60.0634784864601,7.38107754643161e-10
60.5950136943049,7.07107883269504e-10
61.1265489021497,7.08780476745586e-10
61.6580841099945,6.9120588578315e-10
62.1896193178392,6.54050424053785e-10
62.721154525684,6.08821316428449e-10
63.2526897335288,5.6622846481822e-10
63.7842249413736,5.32736212045862e-10
64.3157601492184,5.10235405775265e-10
64.8472953570631,4.9726683354307e-10
65.3788305649079,4.90876818120189e-10
65.9103657727527,4.88153729231493e-10
66.4419009805975,4.8697677029545e-10
66.9734361884423,4.86112657879984e-10
67.504971396287,4.85004237078368e-10
68.0365066041318,4.83503243495947e-10
68.5680418119766,4.8165806382829e-10
69.0995770198214,4.79580336438966e-10
69.6311122276662,4.77376919171748e-10
70.1626474355109,4.75124862145187e-10
70.6941826433557,4.72869640441533e-10
71.2257178512005,4.7063269958272e-10
71.7572530590453,4.68420850876482e-10
72.2887882668901,4.66233608770823e-10
72.8203234747348,4.64067884609409e-10
73.3518586825796,4.61920512683169e-10
73.8833938904244,4.59789143879033e-10
74.4149290982692,4.57672344933014e-10
74.946464306114,4.55569414455117e-10
75.4779995139587,4.53480013865283e-10
76.0095347218035,4.51404167461222e-10
76.5410699296483,4.49341899229831e-10
77.0726051374931,4.47293183522017e-10
77.6041403453379,4.45258132049753e-10
78.1356755531826,4.43236605917403e-10
78.6672107610274,4.41228711525749e-10
79.1987459688722,4.39234353093643e-10
79.730281176717,4.37253448444257e-10
80.2618163845618,4.35285973067575e-10
80.7933515924065,4.33331846226214e-10
81.3248868002513,4.31391056579447e-10
81.8564220080961,4.29463507016895e-10
82.3879572159409,4.27549095097094e-10
82.9194924237857,4.25647836637039e-10
83.4510276316304,4.2375962955833e-10
83.9825628394752,4.21884360492323e-10
84.51409804732,4.20022042685211e-10
85.0456332551648,4.18172562824097e-10
85.5771684630096,4.1633585702669e-10
86.1087036708543,4.14511872682776e-10
86.6402388786991,4.12700545674637e-10
87.1717740865439,4.109017744753e-10
87.7033092943887,4.09115534342249e-10
88.2348445022335,4.07341658950819e-10
88.7663797100782,4.0558017497668e-10
89.297914917923,4.03830948502879e-10
89.8294501257678,4.02093902522962e-10
90.3609853336126,4.00368938656327e-10
90.8925205414574,3.98656002029574e-10
91.4240557493021,3.96955030678963e-10
91.9555909571469,3.95265917953924e-10
92.4871261649917,3.93588573201963e-10
93.0186613728365,3.9192297401164e-10
93.5501965806813,3.90268976493233e-10
94.081731788526,3.88626544477786e-10
94.6132669963708,3.86995597632414e-10
95.1448022042156,3.85376017319616e-10
95.6763374120604,3.83767773151537e-10
96.2078726199052,3.82170735076501e-10
96.7394078277499,3.80584867971767e-10
97.2709430355947,3.79010047453979e-10
97.8024782434395,3.77446203645848e-10
98.3340134512843,3.75893255322928e-10
98.8655486591291,3.74351143343633e-10
99.3970838669738,3.72819766049013e-10
99.9286190748186,3.71299046827138e-10
100.460154282663,3.69788898949196e-10
100.991689490508,3.68289235108204e-10
101.523224698353,3.66800028434284e-10
102.054759906198,3.65321112200085e-10
102.586295114043,3.63852487243432e-10
103.117830321887,3.62394025472338e-10
103.649365529732,3.60945641817302e-10
104.180900737577,3.59507291666121e-10
104.712435945422,3.58078880294686e-10
105.243971153266,3.56660336514429e-10
105.775506361111,3.55251553494701e-10
106.307041568956,3.53852483330379e-10
106.838576776801,3.52463050904032e-10
107.370111984646,3.51083151817249e-10
107.90164719249,3.49712737530353e-10
108.433182400335,3.48351709033353e-10
108.96471760818,3.4700000672054e-10
109.496252816025,3.45657557462489e-10
110.027788023869,3.44324252547582e-10
110.559323231714,3.43000070835663e-10
111.090858439559,3.41684892472006e-10
111.622393647404,3.40378664888034e-10
112.153928855249,3.39081292149052e-10
112.685464063093,3.37792732000338e-10
113.216999270938,3.36512870063314e-10
113.748534478783,3.35241704253125e-10
114.280069686628,3.33979105136702e-10
114.811604894472,3.32725036763388e-10
115.343140102317,3.3147939987772e-10
115.874675310162,3.30242136791358e-10
116.406210518007,3.29013177290306e-10
116.937745725852,3.27792455315877e-10
117.469280933696,3.2657988895742e-10
118.000816141541,3.25375410014875e-10
118.532351349386,3.24178979902007e-10
119.063886557231,3.22990536984869e-10
119.595421765075,3.21809932416062e-10
120.12695697292,3.20637244590393e-10
120.658492180765,3.19472261352577e-10
121.19002738861,3.18314973767101e-10
121.721562596455,3.17165359109873e-10
122.253097804299,3.16023296144654e-10
122.784633012144,3.14888772532602e-10
123.316168219989,3.13761639157316e-10
123.847703427834,3.12641952404229e-10
124.379238635678,3.11529506548895e-10
124.910773843523,3.10424351426158e-10
125.442309051368,3.09326394767763e-10
125.973844259213,3.08235588519727e-10
126.505379467058,3.07151902582162e-10
127.036914674902,3.06075187636758e-10
127.568449882747,3.05005463067816e-10
128.099985090592,3.0394263492279e-10
128.631520298437,3.02886669605165e-10
129.163055506282,3.01837460936095e-10
129.694590714126,3.00795043582211e-10
130.226125921971,2.99759227645049e-10
130.757661129816,2.98730046358583e-10
131.289196337661,2.97707445170461e-10
131.820731545505,2.96691342668675e-10
132.35226675335,2.95681707640814e-10
132.883801961195,2.94678473319391e-10
133.41533716904,2.9368159649917e-10
133.946872376885,2.92691001361253e-10
134.478407584729,2.91706662818645e-10
135.009942792574,2.90728521870593e-10
135.541478000419,2.89756518662276e-10
136.073013208264,2.88790607001459e-10
136.604548416108,2.87830713517254e-10
137.136083623953,2.86876831878996e-10
137.667618831798,2.85928879815207e-10
138.199154039643,2.84986813011726e-10
138.730689247488,2.84050586799629e-10
139.262224455332,2.83120158547593e-10
139.793759663177,2.82195468297385e-10
140.325294871022,2.81276491251267e-10
140.856830078867,2.8036315743561e-10
141.388365286711,2.7945542519062e-10
141.919900494556,2.78553268675645e-10
142.451435702401,2.77656607529029e-10
142.982970910246,2.76765438289991e-10
143.514506118091,2.75879672489012e-10
144.046041325935,2.74999295958628e-10
144.57757653378,2.74124222924364e-10
145.109111741625,2.73254480946491e-10
145.64064694947,2.72389937096337e-10
146.172182157314,2.71530633901462e-10
146.703717365159,2.70676509745566e-10
147.235252573004,2.698274561469e-10
147.766787780849,2.68983497941691e-10
148.298322988694,2.68144660056476e-10
148.829858196538,2.6731071402135e-10
149.361393404383,2.66481822439251e-10
149.892928612228,2.65657824773999e-10
150.424463820073,2.64838670874466e-10
150.955999027917,2.64024381242507e-10
151.487534235762,2.63214880813914e-10
152.019069443607,2.62410150020298e-10
152.550604651452,2.616101071355e-10
153.082139859297,2.60814720020888e-10
153.613675067141,2.60024033905728e-10
154.145210274986,2.59237959121012e-10
154.676745482831,2.58456420899014e-10
155.208280690676,2.57679467791935e-10
155.739815898521,2.56906994819444e-10
156.271351106365,2.56139044625724e-10
156.80288631421,2.55375470734696e-10
157.334421522055,2.54616327212953e-10
157.8659567299,2.53861536141999e-10
158.397491937744,2.53111052935521e-10
158.929027145589,2.5236486500246e-10
159.460562353434,2.51622939917182e-10
159.992097561279,2.50885215153984e-10
160.523632769124,2.50151680006681e-10
161.055167976968,2.49422329886551e-10
161.586703184813,2.48697096346987e-10
162.118238392658,2.47975969087687e-10
162.649773600503,2.47258897333773e-10
163.181308808347,2.4654586990911e-10
163.712844016192,2.45836871964123e-10
164.244379224037,2.45131813816531e-10
164.775914431882,2.44430688224543e-10
165.307449639727,2.43733484149453e-10
165.838984847571,2.43040142706883e-10
166.370520055416,2.42350666223575e-10
166.902055263261,2.41664987212281e-10
167.433590471106,2.40983102869009e-10
167.96512567895,2.40304978570147e-10
168.496660886795,2.39630591541277e-10
169.02819609464,2.38959917415044e-10
169.559731302485,2.38292897308281e-10
170.09126651033,2.37629538696985e-10
170.622801718174,2.36969803620984e-10
171.154336926019,2.36313653991004e-10
171.685872133864,2.35661064976951e-10
172.217407341709,2.350120269544e-10
172.748942549553,2.3436649812276e-10
173.280477757398,2.33724459358577e-10
173.812012965243,2.33085857978506e-10
174.343548173088,2.3245071075615e-10
174.875083380933,2.31818966963727e-10
175.406618588777,2.31190602101441e-10
175.938153796622,2.30565575932393e-10
176.469689004467,2.29943901397479e-10
177.001224212312,2.29325532360606e-10
177.532759420156,2.28710447158382e-10
178.064294628001,2.28098599104301e-10
178.595829835846,2.27490005370327e-10
179.127365043691,2.26884603686835e-10
179.658900251536,2.26282395610084e-10
180.19043545938,2.25683361201101e-10
180.721970667225,2.25087478198537e-10
181.25350587507,2.24494707716372e-10
181.785041082915,2.23905006217085e-10
182.316576290759,2.23318402937373e-10
182.848111498604,2.2273484227633e-10
183.379646706449,2.22154314410313e-10
183.911181914294,2.21576750711368e-10
184.442717122139,2.21002201517015e-10
184.974252329983,2.20430590713307e-10
185.505787537828,2.19861925377936e-10
186.037322745673,2.19296205345475e-10
186.568857953518,2.18733341363409e-10
187.100393161363,2.18173362564217e-10
187.631928369207,2.17616305664911e-10
188.163463577052,2.17062038170173e-10
188.694998784897,2.1651061021367e-10
189.226533992742,2.15961970392164e-10
189.758069200586,2.15416126974337e-10
190.289604408431,2.14872969978134e-10
190.821139616276,2.14332578245318e-10
191.352674824121,2.13794922183899e-10
191.884210031966,2.1325994482262e-10
192.41574523981,2.12727574827763e-10
192.947280447655,2.12197945410168e-10
193.4788156555,2.11670967381074e-10
194.010350863345,2.11146598789607e-10
194.541886071189,2.10624820328862e-10
195.073421279034,2.10105632961096e-10
195.604956486879,2.0958903061283e-10
196.136491694724,2.0907498503084e-10
196.668026902569,2.08563451334916e-10
197.199562110413,2.08054458893923e-10
197.731097318258,2.0754797062907e-10
198.262632526103,2.07043924471831e-10
198.794167733948,2.06542335897814e-10
199.325702941792,2.06043224481473e-10
199.857238149637,2.05546489991642e-10
200.388773357482,2.05052190916537e-10
200.920308565327,2.04560296309248e-10
201.451843773172,2.04070778205903e-10
201.983378981016,2.03583643060765e-10
202.514914188861,2.03098843235491e-10
203.046449396706,2.02616386718749e-10
203.577984604551,2.02136233617997e-10
204.109519812395,2.01658385395411e-10
204.64105502024,2.01182826464507e-10
205.172590228085,2.00709525443187e-10
205.70412543593,2.00238474731723e-10
206.235660643775,1.99769661222522e-10
206.767195851619,1.99303069038598e-10
207.298731059464,1.98838696673485e-10
207.830266267309,1.98376494104267e-10
208.361801475154,1.97916484007338e-10
208.893336682998,1.97458648529102e-10
209.424871890843,1.97002957333292e-10
209.956407098688,1.96549410022098e-10
210.487942306533,1.96097966075779e-10
211.019477514378,1.95648635011921e-10
211.551012722222,1.95201423992162e-10
212.082547930067,1.94756250451176e-10
212.614083137912,1.94313191320582e-10
213.145618345757,1.93872130794801e-10
213.677153553601,1.93433115230636e-10
214.208688761446,1.92996162902112e-10
214.740223969291,1.92561174376823e-10
215.271759177136,1.9212827952872e-10
215.803294384981,1.91697275651083e-10
216.334829592825,1.91268292706486e-10
216.86636480067,1.90841264589143e-10
217.397900008515,1.90416148631273e-10
217.92943521636,1.89993033535539e-10
218.460970424205,1.8957180432804e-10
218.992505632049,1.89152471895595e-10
219.524040839894,1.88735039442524e-10
220.055576047739,1.88319497457605e-10
220.587111255584,1.87905834229971e-10
221.118646463428,1.87494024618417e-10
221.650181671273,1.87084065281623e-10
222.181716879118,1.86675938578133e-10
222.713252086963,1.86269677705748e-10
223.244787294808,1.85865173356876e-10
223.776322502652,1.85462529179825e-10
224.307857710497,1.85061680847738e-10
224.839392918342,1.84662621349032e-10
225.370928126187,1.84265300412094e-10
225.902463334031,1.83869724424127e-10
226.433998541876,1.83475896314117e-10
226.965533749721,1.83083796977965e-10
227.497068957566,1.82693440732859e-10
228.028604165411,1.82304778418902e-10
228.560139373255,1.81917822832057e-10
229.0916745811,1.81532567709212e-10
229.623209788945,1.81149020059382e-10
230.15474499679,1.80767135360668e-10
230.686280204634,1.80386925872611e-10
231.217815412479,1.80008365946369e-10
231.749350620324,1.79631441253668e-10
232.280885828169,1.79256166582831e-10
232.812421036014,1.78882479814659e-10
233.343956243858,1.7851039762779e-10
233.875491451703,1.78139920815371e-10
234.407026659548,1.77771020759672e-10
234.938561867393,1.77403720738249e-10
235.470097075237,1.77037980571472e-10
236.001632283082,1.76673825103287e-10
236.533167490927,1.7631122874219e-10
237.064702698772,1.75950172654548e-10
237.596237906617,1.75590658431236e-10
238.127773114461,1.75232665736648e-10
238.659308322306,1.74876199833395e-10
239.190843530151,1.74521238314616e-10
239.722378737996,1.74167763534229e-10
240.253913945841,1.73815784922522e-10
240.785449153685,1.7346527178192e-10
241.31698436153,1.7311622320429e-10
241.848519569375,1.72768641107742e-10
242.38005477722,1.72422516261395e-10
242.911589985064,1.72077828356407e-10
243.443125192909,1.7173456172332e-10
243.974660400754,1.71392740746129e-10
244.506195608599,1.71052372780367e-10
245.037730816444,1.70713383595315e-10
245.569266024288,1.7037581005259e-10
246.100801232133,1.70039645154449e-10
246.632336439978,1.69704880221704e-10
247.163871647823,1.69371484867813e-10
247.695406855667,1.6903944269392e-10
248.226942063512,1.68708757518525e-10
248.758477271357,1.68379451944534e-10
249.290012479202,1.68051448853167e-10
249.821547687047,1.67724784741252e-10
250.353082894891,1.67399467564578e-10
250.884618102736,1.67075442903254e-10
251.416153310581,1.6675274264006e-10
251.947688518426,1.66431360334649e-10
252.47922372627,1.66111325686706e-10
253.010758934115,1.6579253590979e-10
253.54229414196,1.65475117878802e-10
254.073829349805,1.65158953770967e-10
254.60536455765,1.64844011045876e-10
255.136899765494,1.6453040851877e-10
255.668434973339,1.64217991164814e-10
256.199970181184,1.63906802062356e-10
256.731505389029,1.63596879392608e-10
257.263040596873,1.63288135833161e-10
257.794575804718,1.6298059395411e-10
258.326111012563,1.62674372074967e-10
258.857646220408,1.6236926285838e-10
259.389181428253,1.62065413361245e-10
259.920716636097,1.61762866898626e-10
260.452251843942,1.61461482701947e-10
260.983787051787,1.61161308399289e-10
261.515322259632,1.60862271163212e-10
262.046857467476,1.60564480196547e-10
262.578392675321,1.60267829671171e-10
263.109927883166,1.59972256204403e-10
263.641463091011,1.59677793742613e-10
264.172998298856,1.59384462153617e-10
264.7045335067,1.5909230881382e-10
265.236068714545,1.58801245810809e-10
265.76760392239,1.5851134975273e-10
266.299139130235,1.58222613081e-10
266.83067433808,1.57935038437558e-10
267.362209545924,1.57648611334938e-10
267.893744753769,1.57363320013734e-10
268.425279961614,1.57079122033417e-10
268.956815169459,1.56796013378218e-10
269.488350377303,1.56513926634116e-10
270.019885585148,1.56232878473324e-10
270.551420792993,1.55952860444913e-10
271.082956000838,1.55673897547475e-10
271.614491208683,1.55395980602433e-10
272.146026416527,1.55119144188877e-10
272.677561624372,1.54843389238266e-10
273.209096832217,1.54568719109827e-10
273.740632040062,1.54295134053332e-10
274.272167247906,1.54022608117452e-10
274.803702455751,1.5375111676443e-10
275.335237663596,1.53480667660561e-10
275.866772871441,1.53211193383404e-10
276.398308079286,1.52942697506042e-10
276.92984328713,1.52675192742182e-10
277.461378494975,1.52408652031169e-10
277.99291370282,1.52143108265378e-10
278.524448910665,1.51878512276518e-10
279.055984118509,1.5161492922127e-10
279.587519326354,1.51352364867453e-10
280.119054534199,1.51090739614914e-10
280.650589742044,1.508301500518e-10
281.182124949889,1.50570549783881e-10
281.713660157733,1.50311914893583e-10
282.245195365578,1.50054265470939e-10
282.776730573423,1.4979755583969e-10
283.308265781268,1.49541770287973e-10
283.839800989112,1.49286988747105e-10
284.371336196957,1.49033080371594e-10
284.902871404802,1.48780028711081e-10
285.434406612647,1.4852790403381e-10
285.965941820492,1.48276631021231e-10
286.497477028336,1.48026355937247e-10
287.029012236181,1.47776913449853e-10
287.560547444026,1.47528460161741e-10
288.092082651871,1.47280928712799e-10
288.623617859715,1.47034315948853e-10
289.15515306756,1.46788644139104e-10
289.686688275405,1.46543877252237e-10
290.21822348325,1.46300008148254e-10
290.749758691095,1.4605699621211e-10
291.281293898939,1.45814801368231e-10
291.812829106784,1.45573488952378e-10
292.344364314629,1.45332929764218e-10
292.875899522474,1.45093218057735e-10
293.407434730318,1.44854363880232e-10
293.938969938163,1.446163816134e-10
294.470505146008,1.44379277051058e-10
295.002040353853,1.44143051187457e-10
295.533575561698,1.43907746793375e-10
296.065110769542,1.43673299192017e-10
296.596645977387,1.43439670987488e-10
297.128181185232,1.43206892522932e-10
297.659716393077,1.42974896984076e-10
298.191251600922,1.42743685592691e-10
298.722786808766,1.42513234890796e-10
299.254322016611,1.42283583113056e-10
299.785857224456,1.42054714642353e-10
300.317392432301,1.41826633929705e-10
300.848927640145,1.41599389865033e-10
301.38046284799,1.41372938543963e-10
301.911998055835,1.41147330154075e-10
302.44353326368,1.40922543527884e-10
302.975068471525,1.40698581609782e-10
303.506603679369,1.40475381994507e-10
304.038138887214,1.40252945791392e-10
304.569674095059,1.40031273106506e-10
305.101209302904,1.39810336380988e-10
305.632744510748,1.3959014556808e-10
306.164279718593,1.39370676071625e-10
306.695814926438,1.39151970183871e-10
307.227350134283,1.38934003829037e-10
307.758885342128,1.38716805538252e-10
308.290420549972,1.3850037532333e-10
308.821955757817,1.38284699487033e-10
309.353490965662,1.38069784428178e-10
309.885026173507,1.37855613262169e-10
310.416561381351,1.37642191439413e-10
310.948096589196,1.37429487670077e-10
311.479631797041,1.37217487394468e-10
312.011167004886,1.37006205839011e-10
312.542702212731,1.36795628037659e-10
313.074237420575,1.36585754752976e-10
313.60577262842,1.36376580766953e-10
314.137307836265,1.36168120181126e-10
314.66884304411,1.35960365076936e-10
315.200378251954,1.35753307310179e-10
315.731913459799,1.35546956225382e-10
316.263448667644,1.353412974335e-10
316.794983875489,1.35136363497983e-10
317.326519083334,1.34932105515589e-10
317.858054291178,1.34728527444828e-10
318.389589499023,1.34525638524495e-10
318.921124706868,1.34323414119685e-10
319.452659914713,1.34121873944025e-10
319.984195122557,1.33920999788927e-10
320.515730330402,1.3372076668078e-10
321.047265538247,1.33521222354509e-10
321.578800746092,1.3332235690125e-10
322.110335953937,1.33124105128608e-10
322.641871161781,1.32926541590129e-10
323.173406369626,1.32729591468473e-10
323.704941577471,1.32533331687185e-10
324.236476785316,1.3233774229882e-10
324.76801199316,1.32142748450006e-10
325.299547201005,1.31948416383702e-10
325.83108240885,1.31754719994361e-10
326.362617616695,1.31561641302426e-10
326.89415282454,1.31369227291879e-10
327.425688032384,1.31177437054564e-10
327.957223240229,1.30986240548864e-10
328.488758448074,1.3079568904502e-10
329.020293655919,1.30605766485036e-10
329.551828863764,1.30416437076127e-10
330.083364071608,1.30227740670635e-10
330.614899279453,1.30039682363772e-10
331.146434487298,1.29852152711977e-10
331.677969695143,1.29665291226509e-10
332.209504902987,1.29479011647458e-10
332.741040110832,1.29293359869522e-10
333.272575318677,1.29108301217474e-10
333.804110526522,1.28923816393712e-10
334.335645734367,1.28739958232289e-10
334.867180942211,1.2855666312023e-10
335.398716150056,1.28373963368091e-10
335.930251357901,1.28191840432686e-10
336.461786565746,1.28010305147954e-10
336.99332177359,1.27829345650937e-10
337.524856981435,1.27648960512611e-10
338.05639218928,1.27469154335973e-10
338.587927397125,1.27289914482524e-10
339.11946260497,1.27111245070213e-10
339.650997812814,1.26933161890955e-10
340.182533020659,1.2675562002251e-10
340.714068228504,1.26578665519175e-10
341.245603436349,1.26402247802397e-10
341.777138644193,1.26226388537662e-10
342.308673852038,1.26051086909934e-10
342.840209059883,1.25876354613679e-10
343.371744267728,1.25702137886911e-10
343.903279475573,1.25528514099741e-10
344.434814683417,1.25355403780823e-10
344.966349891262,1.25182853932266e-10
345.497885099107,1.2501082657108e-10
346.029420306952,1.24839317782428e-10
346.560955514796,1.24668380295762e-10
347.092490722641,1.24497952696785e-10
347.624025930486,1.24328040474342e-10
348.155561138331,1.24158675565275e-10
348.687096346176,1.23989837686387e-10
349.21863155402,1.23821522303712e-10
349.750166761865,1.23653725669019e-10
350.28170196971,1.23486475420844e-10
350.813237177555,1.23319747482118e-10
351.344772385399,1.23153532095379e-10
351.876307593244,1.22987792509976e-10
352.407842801089,1.22822598409561e-10
352.939378008934,1.22657908444161e-10
353.470913216779,1.22493716148207e-10
354.002448424623,1.22330004482046e-10
354.533983632468,1.2216675615252e-10
355.065518840313,1.22004072608411e-10
355.597054048158,1.21841847042947e-10
356.128589256002,1.21680144618552e-10
356.660124463847,1.2151892838277e-10
357.191659671692,1.2135820545696e-10
357.723194879537,1.21197996035292e-10
358.254730087382,1.21038276982873e-10
358.786265295226,1.20879035603915e-10
359.317800503071,1.20720280585918e-10
359.849335710916,1.20561980738498e-10
360.380870918761,1.20404164525505e-10
360.912406126606,1.20246795131621e-10
361.44394133445,1.20089931355041e-10
361.975476542295,1.19933530962959e-10
362.50701175014,1.19777614855877e-10
363.038546957985,1.19622141541121e-10
363.570082165829,1.19467154805852e-10
364.101617373674,1.19312618905704e-10
364.633152581519,1.19158569259625e-10
365.164687789364,1.19004993611602e-10
365.696222997209,1.18851859521322e-10
366.227758205053,1.18699195770545e-10
366.759293412898,1.18546973047935e-10
367.290828620743,1.18395222557412e-10
367.822363828588,1.1824388600708e-10
368.353899036432,1.18093022168318e-10
368.885434244277,1.17942601520302e-10
369.416969452122,1.1779262203993e-10
369.948504659967,1.17643082288131e-10
370.480039867812,1.17493992006184e-10
371.011575075656,1.1734534200665e-10
371.543110283501,1.17197132860944e-10
372.074645491346,1.17049355535309e-10
372.606180699191,1.16902025655544e-10
373.137715907035,1.16755122402738e-10
373.66925111488,1.16608652630545e-10
374.200786322725,1.16462609481396e-10
374.73232153057,1.16316994969324e-10
375.263856738415,1.16171805269918e-10
375.795391946259,1.16027048865934e-10
376.326927154104,1.15882706446541e-10
376.858462361949,1.15738779659075e-10
377.389997569794,1.15595279264404e-10
377.921532777639,1.15452201193385e-10
378.453067985483,1.15309538201174e-10
378.984603193328,1.15167302327296e-10
379.516138401173,1.15025462034841e-10
380.047673609018,1.14884035675612e-10
380.579208816862,1.14743027141895e-10
381.110744024707,1.14602420885598e-10
381.642279232552,1.14462208973486e-10
382.173814440397,1.14322413683051e-10
382.705349648242,1.14183010028687e-10
383.236884856086,1.14044031606082e-10
383.768420063931,1.13905401557664e-10
384.299955271776,1.13767231890512e-10
384.831490479621,1.1362944305936e-10
385.363025687465,1.13492029485437e-10
385.89456089531,1.13355036093508e-10
386.426096103155,1.13218415315715e-10
386.957631311,1.13082178893545e-10
387.489166518845,1.12946372517852e-10
388.020701726689,1.12810897809698e-10
388.552236934534,1.12675842305044e-10
389.083772142379,1.12541153966609e-10
389.615307350224,1.12406866416766e-10
390.146842558068,1.12272951847026e-10
390.678377765913,1.12139398338066e-10
391.209912973758,1.12006253355574e-10
391.741448181603,1.11873487570099e-10
392.272983389448,1.11741079605887e-10
392.804518597292,1.11609046214762e-10
393.336053805137,1.11477406817934e-10
393.867589012982,1.11346104557344e-10
394.399124220827,1.11215181975897e-10
394.930659428671,1.11084687538779e-10
395.462194636516,1.10954458769769e-10
395.993729844361,1.10824666151621e-10
396.525265052206,1.10695195873476e-10
397.056800260051,1.10566079699941e-10
397.588335467895,1.10437380835021e-10
398.11987067574,1.10309026469118e-10
398.651405883585,1.10181031982314e-10
399.18294109143,1.10053375152434e-10
399.714476299274,1.09926066861536e-10
400.246011507119,1.0979915427293e-10
400.777546714964,1.09672561223112e-10
401.309081922809,1.0954631883262e-10
401.840617130654,1.09420441117053e-10
402.372152338498,1.0929487242621e-10
402.903687546343,1.09169676776956e-10
403.435222754188,1.09044853528049e-10
403.966757962033,1.08920350021402e-10
404.498293169878,1.08796210221149e-10
405.029828377722,1.08672407892903e-10
405.561363585567,1.08548934199268e-10
406.092898793412,1.08425810444733e-10
406.624434001257,1.08303025709847e-10
407.155969209101,1.08180577824218e-10
407.687504416946,1.08058469852286e-10
408.219039624791,1.07936689525131e-10
408.750574832636,1.07815237762762e-10
409.282110040481,1.07694122307691e-10
409.813645248325,1.07573330914645e-10
410.34518045617,1.07452887959705e-10
410.876715664015,1.07332773263298e-10
411.40825087186,1.07212998490678e-10
411.939786079704,1.07093526823556e-10
412.471321287549,1.06974370121945e-10
413.002856495394,1.06855538170642e-10
413.534391703239,1.06737031539245e-10
414.065926911084,1.06618871320533e-10
414.597462118928,1.06500989653295e-10
415.128997326773,1.06383457330557e-10
415.660532534618,1.06266217237164e-10
416.192067742463,1.06149341303168e-10
416.723602950307,1.06032727351654e-10
417.255138158152,1.05916489558482e-10
417.786673365997,1.05800523652559e-10
418.318208573842,1.05684897515684e-10
418.849743781687,1.05569570475052e-10
419.381278989531,1.05454540965628e-10
419.912814197376,1.05339834680452e-10
420.444349405221,1.05225470650311e-10
420.975884613066,1.05111348799717e-10
421.50741982091,1.04997532721672e-10
422.038955028755,1.04884063843478e-10
422.5704902366,1.0477085152916e-10
423.102025444445,1.04657951922849e-10
423.63356065229,1.0454536753902e-10
424.165095860134,1.04433076997481e-10
424.696631067979,1.04321104069873e-10
425.228166275824,1.04209424600717e-10
425.759701483669,1.04098007380575e-10
426.291236691513,1.03986937158092e-10
426.822771899358,1.03876167887554e-10
427.354307107203,1.03765667503933e-10
427.885842315048,1.03655438392592e-10
428.417377522893,1.03545515463194e-10
428.948912730737,1.0343588624723e-10
429.480447938582,1.03326559070738e-10
430.011983146427,1.03217480312777e-10
430.543518354272,1.03108713505035e-10
431.075053562116,1.03000229786302e-10
431.606588769961,1.02892024704102e-10
432.138123977806,1.02784143717938e-10
432.669659185651,1.02676522479693e-10
433.201194393496,1.025691714831e-10
433.73272960134,1.02462125374003e-10
434.264264809185,1.0235535778709e-10
434.79580001703,1.0224885122788e-10
435.327335224875,1.02142637192275e-10
435.85887043272,1.02036681207478e-10
436.390405640564,1.01930997332328e-10
436.921940848409,1.01825603139597e-10
437.453476056254,1.01720494231707e-10
437.985011264099,1.01615646928357e-10
438.516546471943,1.01511085103128e-10
439.048081679788,1.0140679004901e-10
439.579616887633,1.01302781201939e-10
440.111152095478,1.01199021664097e-10
440.642687303323,1.01095529475304e-10
441.174222511167,1.00992310260584e-10
441.705757719012,1.00889340856737e-10
442.237292926857,1.00786643864455e-10
442.768828134702,1.00684218137054e-10
443.300363342546,1.00582056311986e-10
443.831898550391,1.00480163502134e-10
444.363433758236,1.00378529475792e-10
444.894968966081,1.00277167397537e-10
445.426504173926,1.00176066321527e-10
445.95803938177,1.00075232767479e-10
446.489574589615,9.99746394597058e-11
447.02110979746,9.98743209997591e-11
447.552645005305,9.97742398193505e-11
448.084180213149,9.96744373374619e-11
448.615715420994,9.95748560530331e-11
449.147250628839,9.94755386124709e-11
449.678785836684,9.93764814849136e-11
450.210321044529,9.92776763810715e-11
450.741856252373,9.91791288852083e-11
451.273391460218,9.9080828968953e-11
451.804926668063,9.89827851645611e-11
452.336461875908,9.88849926214384e-11
452.867997083752,9.87874663665592e-11
453.399532291597,9.86901585792269e-11
453.931067499442,9.85930915262677e-11
454.462602707287,9.84962755271324e-11
454.994137915132,9.83997187017546e-11
455.525673122976,9.83033930779062e-11
456.057208330821,9.82073282778402e-11
456.588743538666,9.81114617242615e-11
457.120278746511,9.80159121994219e-11
457.651813954355,9.79205363970294e-11
458.1833491622,9.78254260331235e-11
458.714884370045,9.77305714721386e-11
459.24641957789,9.76359353073267e-11
459.777954785735,9.75415752314175e-11
460.309489993579,9.74474315294264e-11
460.841025201424,9.73535002302576e-11
461.372560409269,9.72598040034283e-11
461.904095617114,9.71663822853882e-11
462.435630824958,9.70731424326465e-11
462.967166032803,9.69801717066945e-11
463.498701240648,9.68874288051159e-11
464.030236448493,9.67949078590643e-11
464.561771656338,9.67026319871909e-11
465.093306864182,9.66105329258322e-11
465.624842072027,9.65187282858069e-11
466.156377279872,9.64271350633441e-11
466.687912487717,9.63357821092162e-11
467.219447695562,9.62446621413241e-11
467.750982903406,9.61537596111948e-11
468.282518111251,9.60631019512624e-11
468.814053319096,9.59726251034747e-11
469.345588526941,9.58823743445123e-11
469.877123734785,9.57923594906544e-11
470.40865894263,9.570255662447e-11
470.940194150475,9.56129999037337e-11
471.47172935832,9.55236289519852e-11
472.003264566165,9.54345036158644e-11
472.534799774009,9.5345593563891e-11
473.066334981854,9.52569194504498e-11
473.597870189699,9.51684574196771e-11
474.129405397544,9.50802158232411e-11
474.660940605388,9.49922002093548e-11
475.192475813233,9.49043864287318e-11
475.724011021078,9.48167849689252e-11
476.255546228923,9.47293984841591e-11
476.787081436768,9.46422173442599e-11
477.318616644612,9.45552845479651e-11
477.850151852457,9.44685217505906e-11
478.381687060302,9.43820062969855e-11
478.913222268147,9.42956969383425e-11
479.444757475991,9.42096037909466e-11
479.976292683836,9.41237114019518e-11
480.507827891681,9.40380390669853e-11
481.039363099526,9.39525719598859e-11
481.570898307371,9.38672762483893e-11
482.102433515215,9.37822109607033e-11
482.63396872306,9.36973481574881e-11
483.165503930905,9.36127145780516e-11
483.69703913875,9.35282339394826e-11
484.228574346594,9.34439837336673e-11
484.760109554439,9.33599554094593e-11
485.291644762284,9.32761581951018e-11
485.823179970129,9.31925425532576e-11
486.354715177974,9.31091418475949e-11
486.886250385818,9.30259312899031e-11
487.417785593663,9.29429099019736e-11
487.949320801508,9.28601494094224e-11
488.480856009353,9.27775346082596e-11
489.012391217197,9.26950964044178e-11
489.543926425042,9.26128780874961e-11
490.075461632887,9.25308531963471e-11
490.606996840732,9.24489983725951e-11
491.138532048577,9.23673709922584e-11
491.670067256421,9.2285927654765e-11
492.201602464266,9.22046795569237e-11
492.733137672111,9.21236417299141e-11
493.264672879956,9.20428258187682e-11
493.7962080878,9.19621522854245e-11
494.327743295645,9.18817199814223e-11
494.85927850349,9.1801464991756e-11
495.390813711335,9.17214463823991e-11
495.92234891918,9.16415801280136e-11
496.453884127024,9.15618973578334e-11
496.985419334869,9.1482399697457e-11
497.516954542714,9.14030951479989e-11
498.048489750559,9.1323958835723e-11
498.580024958404,9.12449961497621e-11
499.111560166248,9.1166239870516e-11
499.643095374093,9.10876825082891e-11
500.174630581938,9.10093196510261e-11
500.706165789783,9.09311442384158e-11
501.237700997627,9.08531656905119e-11
501.769236205472,9.07753720050966e-11
502.300771413317,9.06977766881172e-11
502.832306621162,9.06203638820059e-11
503.363841829007,9.05431093041569e-11
503.895377036851,9.04660403429748e-11
504.426912244696,9.03891558411613e-11
504.958447452541,9.03124380103351e-11
505.489982660386,9.02359304302151e-11
506.02151786823,9.01595658150339e-11
506.553053076075,9.00834044706176e-11
507.08458828392,9.00074348660853e-11
507.616123491765,8.99316218168294e-11
508.14765869961,8.98560101591037e-11
508.679193907454,8.97805594670521e-11
509.210729115299,8.97052873869054e-11
509.742264323144,8.96301969839235e-11
510.273799530989,8.95552754223193e-11
510.805334738833,8.9480533554237e-11
511.336869946678,8.94059420044393e-11
511.868405154523,8.93315648786312e-11
512.399940362368,8.9257353457749e-11
512.931475570213,8.91833314399584e-11
513.463010778057,8.91094711512291e-11
513.994545985902,8.90358016724589e-11
514.526081193747,8.8962305133218e-11
515.057616401592,8.88889646570402e-11
515.589151609436,8.88157940225474e-11
516.120686817281,8.8742811760014e-11
516.652222025126,8.86699624823072e-11
517.183757232971,8.85972841940092e-11
517.715292440816,8.85247837809916e-11
518.24682764866,8.84524532445174e-11
518.778362856505,8.83802900919231e-11
519.30989806435,8.83083047112277e-11
519.841433272195,8.82364705492387e-11
520.37296848004,8.81648172429025e-11
520.904503687884,8.80933389355817e-11
521.436038895729,8.80220154502041e-11
521.967574103574,8.79508716729718e-11
522.499109311419,8.787990584804e-11
523.030644519263,8.78090927201212e-11
523.562179727108,8.77384764371664e-11
524.093714934953,8.7667965814586e-11
524.625250142798,8.75976063371635e-11
525.156785350643,8.75274747249404e-11
525.688320558487,8.7457450440349e-11
526.219855766332,8.73875854763613e-11
526.751390974177,8.73178937138441e-11
527.282926182022,8.72483775516563e-11
527.814461389866,8.71789816922034e-11
528.345996597711,8.7109751433778e-11
528.877531805556,8.70407661510246e-11
529.409067013401,8.69718464931433e-11
529.940602221246,8.69031499010158e-11
530.47213742909,8.68346231663653e-11
531.003672636935,8.67662037458837e-11
531.53520784478,8.66979801506972e-11
532.066743052625,8.66298645505145e-11
532.598278260469,8.65620299126558e-11
533.129813468314,8.64941934242609e-11
533.661348676159,8.64265748200903e-11
534.192883884004,8.63590594555136e-11
534.724419091849,8.62917656211623e-11
535.255954299693,8.6224559865613e-11
535.787489507538,8.61574559617609e-11
536.319024715383,8.60906359308733e-11
536.850559923228,8.60239257003771e-11
537.382095131072,8.5957412839986e-11
537.913630338917,8.58910168091393e-11
538.445165546762,8.58248460081693e-11
538.976700754607,8.57587657112352e-11
539.508235962452,8.56928667179673e-11
540.039771170296,8.56270955808774e-11
540.571306378141,8.55614601326522e-11
541.102841585986,8.54959717656724e-11
541.634376793831,8.54305925105964e-11
542.165912001675,8.53653768607786e-11
542.69744720952,8.53003167372445e-11
543.228982417365,8.52353850788686e-11
543.76051762521,8.51706364111787e-11
544.292052833055,8.5106034891483e-11
544.823588040899,8.50415904606343e-11
545.355123248744,8.49773068090819e-11
545.886658456589,8.49131358720446e-11
546.418193664434,8.48491210570074e-11
546.949728872278,8.47852369606519e-11
547.481264080123,8.47214583457889e-11
548.012799287968,8.46578609711689e-11
548.544334495813,8.45944119399117e-11
549.075869703658,8.45310970183832e-11
549.607404911502,8.44679958196728e-11
550.138940119347,8.44049954967874e-11
550.670475327192,8.43422139700675e-11
551.202010535037,8.42795094512033e-11
551.733545742881,8.42169877749817e-11
552.265080950726,8.41545892351201e-11
552.796616158571,8.40922349893415e-11
553.328151366416,8.40300888199968e-11
553.859686574261,8.39679903839501e-11
554.391221782105,8.39060856645674e-11
554.92275698995,8.38442527223939e-11
555.454292197795,8.37826286320205e-11
555.98582740564,8.37211766135066e-11
556.517362613485,8.36597461665149e-11
557.048897821329,8.359858847066e-11
557.580433029174,8.35376480284346e-11
558.111968237019,8.34767693044165e-11
558.643503444864,8.34160081256695e-11
559.175038652708,8.33554395722328e-11
559.706573860553,8.32949962227489e-11
560.238109068398,8.32346088264619e-11
560.769644276243,8.31744045990732e-11
561.301179484088,8.31142857540925e-11
561.832714691932,8.30542695339203e-11
562.364249899777,8.29943865840419e-11
562.895785107622,8.2934654022535e-11
563.427320315467,8.2875020343754e-11
563.958855523311,8.2815555112818e-11
564.490390731156,8.27562321574174e-11
565.021925939001,8.26970991688686e-11
565.553461146846,8.2638122603233e-11
566.084996354691,8.25792678840661e-11
566.616531562535,8.25205683474789e-11
567.14806677038,8.24620092994926e-11
567.679601978225,8.24035224916906e-11
568.21113718607,8.2345210802595e-11
568.742672393915,8.22869504365331e-11
569.274207601759,8.22288082084301e-11
569.805742809604,8.21707555254301e-11
570.337278017449,8.21128262530575e-11
570.868813225294,8.20550199082187e-11
571.400348433138,8.1997387664263e-11
571.931883640983,8.19398823505873e-11
572.463418848828,8.18825231097236e-11
572.994954056673,8.18253402221651e-11
573.526489264518,8.17682823700031e-11
574.058024472362,8.17113663597395e-11
574.589559680207,8.16545734442552e-11
575.121094888052,8.15978927581864e-11
575.652630095897,8.15413276246437e-11
576.184165303741,8.14848638408444e-11
576.715700511586,8.14285197738435e-11
577.247235719431,8.13722934819228e-11
577.778770927276,8.13161978311405e-11
578.310306135121,8.12602380080207e-11
578.841841342965,8.12044035644475e-11
579.37337655081,8.11487010228808e-11
579.904911758655,8.10931275848976e-11
580.4364469665,8.10376568734697e-11
580.967982174344,8.09823141412498e-11
581.499517382189,8.09270875162088e-11
582.031052590034,8.08719543098901e-11
582.562587797879,8.08169344599006e-11
583.094123005724,8.07620627378647e-11
583.625658213568,8.07073050955404e-11
584.157193421413,8.06526757024988e-11
584.688728629258,8.0598169978477e-11
585.220263837103,8.05438245179673e-11
585.751799044947,8.04896012752305e-11
586.283334252792,8.04354834486122e-11
586.814869460637,8.03815040966726e-11
587.346404668482,8.03276281834836e-11
587.877939876327,8.02738516985284e-11
588.409475084171,8.02202000511993e-11
588.941010292016,8.01666484284127e-11
589.472545499861,8.01131901432873e-11
590.004080707706,8.0059864762896e-11
590.53561591555,8.00066418652717e-11
591.067151123395,7.99535526616387e-11
591.59868633124,7.99005762968301e-11
592.130221539085,7.98477601922861e-11
592.66175674693,7.97950201413306e-11
593.193291954774,7.97424219134314e-11
593.724827162619,7.96899523614415e-11
594.256362370464,7.96375926703224e-11
594.787897578309,7.95853406045959e-11
595.319432786153,7.95332041638184e-11
595.850967993998,7.94811648767037e-11
596.382503201843,7.94292439480588e-11
596.914038409688,7.9377408447755e-11
597.445573617533,7.93257000393326e-11
597.977108825377,7.92741048719878e-11
598.508644033222,7.92226249575191e-11
599.040179241067,7.91712305901009e-11
599.571714448912,7.91200050993436e-11
600.103249656756,7.90688886501697e-11
600.634784864601,7.90178290128139e-11
601.166320072446,7.89669430290505e-11
601.697855280291,7.89161837693654e-11
602.229390488136,7.886546728893e-11
602.76092569598,7.88149176977161e-11
603.292460903825,7.87644803035203e-11
603.82399611167,7.8714090388198e-11
604.355531319515,7.86638310145898e-11
604.887066527359,7.86136990714446e-11
605.418601735204,7.85636886192869e-11
605.950136943049,7.85137653472241e-11
606.481672150894,7.84639600088038e-11
607.013207358739,7.84142617107472e-11
607.544742566583,7.83646605956697e-11
608.076277774428,7.83151676147712e-11
608.607812982273,7.82657795941649e-11
609.139348190118,7.82165058791202e-11
609.670883397962,7.81673291107318e-11
610.202418605807,7.8118291087193e-11
610.733953813652,7.80693468866652e-11
611.265489021497,7.8020487281468e-11
611.797024229342,7.79717703899882e-11
612.328559437186,7.79231341223403e-11
612.860094645031,7.78746154479612e-11
613.391629852876,7.78261976509393e-11
613.923165060721,7.77778854207357e-11
614.454700268565,7.77296569297813e-11
614.98623547641,7.76815508082002e-11
615.517770684255,7.76335420915158e-11
616.0493058921,7.75856211038392e-11
616.580841099945,7.75378297327225e-11
617.112376307789,7.7490149408727e-11
617.643911515634,7.7442554896994e-11
618.175446723479,7.73950846460813e-11
618.706981931324,7.73477253691023e-11
619.238517139169,7.73004627247326e-11
619.770052347013,7.7253307606309e-11
620.301587554858,7.72062637107999e-11
620.833122762703,7.71592833376888e-11
621.364657970548,7.71124126458865e-11
621.896193178392,7.70656301846168e-11
622.427728386237,7.70189575553217e-11
622.959263594082,7.69723853477682e-11
623.490798801927,7.69258669729307e-11
624.022334009772,7.68794857229912e-11
624.553869217616,7.68332277493112e-11
625.085404425461,7.67870526073226e-11
625.616939633306,7.67409806313745e-11
626.148474841151,7.66950387473335e-11
626.680010048995,7.66492336840283e-11
627.21154525684,7.6603488394764e-11
627.743080464685,7.65578416760888e-11
628.27461567253,7.65122821966964e-11
628.806150880375,7.64668268383961e-11
629.337686088219,7.64214392451758e-11
629.869221296064,7.63761635444499e-11
630.400756503909,7.63309433562922e-11
630.932291711754,7.62858546594732e-11
631.463826919599,7.62408641110036e-11
631.995362127443,7.61959689203758e-11
632.526897335288,7.61511680260015e-11
633.058432543133,7.61064857502231e-11
633.589967750978,7.60619205001463e-11
634.121502958822,7.60174465140313e-11
634.653038166667,7.59730424032262e-11
635.184573374512,7.5928781293887e-11
635.716108582357,7.58845722958361e-11
636.247643790202,7.58404671595624e-11
636.779178998046,7.57964411873573e-11
637.310714205891,7.575251177006e-11
637.842249413736,7.57086735460614e-11
638.373784621581,7.56649254523458e-11
638.905319829425,7.56212663786005e-11
639.43685503727,7.55777011916336e-11
639.968390245115,7.55342506744715e-11
640.49992545296,7.54908973215768e-11
641.031460660805,7.54476394524706e-11
641.562995868649,7.54044784964149e-11
642.094531076494,7.53614115559918e-11
642.626066284339,7.53184301537505e-11
643.157601492184,7.52755479921108e-11
643.689136700028,7.52327562441769e-11
644.220671907873,7.51900536931736e-11
644.752207115718,7.5147450688909e-11
645.283742323563,7.5104904886844e-11
645.815277531408,7.50624784032353e-11
646.346812739252,7.50201235700055e-11
646.878347947097,7.49778719152213e-11
647.409883154942,7.49357071722111e-11
647.941418362787,7.48936406767256e-11
648.472953570631,7.48516773161536e-11
649.004488778476,7.48098026141718e-11
649.536023986321,7.4768005783731e-11
650.067559194166,7.47262805973392e-11
650.599094402011,7.46846725506615e-11
651.130629609855,7.46431367680679e-11
651.6621648177,7.46016921939852e-11
652.193700025545,7.45603376830873e-11
652.72523523339,7.45190809589903e-11
653.256770441234,7.4477905014066e-11
653.788305649079,7.44368324870928e-11
654.319840856924,7.43958329499995e-11
654.851376064769,7.4354949578347e-11
655.382911272614,7.43141202275546e-11
655.914446480458,7.42734073298376e-11
656.445981688303,7.42327757590005e-11
656.977516896148,7.41922344239275e-11
657.509052103993,7.41517456106066e-11
658.040587311837,7.41113553192633e-11
658.572122519682,7.4071084631013e-11
659.103657727527,7.40308518757125e-11
659.635192935372,7.39907438802873e-11
660.166728143217,7.39507214349946e-11
660.698263351061,7.39107533773562e-11
661.229798558906,7.38709006793078e-11
661.761333766751,7.38311263029925e-11
662.292868974596,7.3791430747579e-11
662.824404182441,7.3751832062049e-11
663.355939390285,7.37123322392756e-11
663.88747459813,7.36728693789948e-11
664.419009805975,7.36335295960381e-11
664.95054501382,7.35942573996804e-11
665.482080221664,7.35550963103053e-11
666.013615429509,7.35160304920595e-11
666.545150637354,7.3477019325519e-11
667.076685845199,7.3438050107115e-11
667.608221053044,7.33992629447525e-11
668.139756260888,7.33604957598325e-11
668.671291468733,7.33218000730404e-11
669.202826676578,7.32831751395379e-11
669.734361884423,7.32447400983567e-11
670.265897092267,7.32062868132573e-11
670.797432300112,7.31679036237768e-11
671.328967507957,7.31296501105808e-11
671.860502715802,7.30914692757258e-11
672.392037923647,7.30533543709652e-11
672.923573131491,7.30153540848733e-11
673.455108339336,7.29774057105111e-11
673.986643547181,7.29395500922953e-11
674.518178755026,7.29018171168241e-11
675.04971396287,7.28641346916244e-11
675.581249170715,7.28265297057743e-11
676.11278437856,7.27890187617891e-11
676.644319586405,7.27515791934454e-11
677.17585479425,7.27142034664785e-11
677.707390002094,7.26769283211192e-11
678.238925209939,7.26397237497384e-11
678.770460417784,7.26025781736168e-11
679.301995625629,7.25655053525796e-11
679.833530833473,7.25285821093386e-11
680.365066041318,7.24916704607079e-11
680.896601249163,7.24548875895858e-11
681.428136457008,7.24181643660925e-11
681.959671664853,7.23815194837039e-11
682.491206872697,7.23449552155092e-11
683.022742080542,7.23084767772923e-11
683.554277288387,7.22720674202557e-11
684.085812496232,7.22357446055981e-11
684.617347704076,7.21994905830578e-11
685.148882911921,7.21633199047234e-11
685.680418119766,7.21272301064816e-11
686.211953327611,7.20911944419029e-11
686.743488535456,7.2055301386095e-11
687.2750237433,7.20193923553189e-11
687.806558951145,7.19836360569235e-11
688.33809415899,7.19479507087461e-11
688.869629366835,7.19123099684194e-11
689.401164574679,7.18767879017764e-11
689.932699782524,7.18413093814808e-11
690.464234990369,7.18058436844613e-11
690.995770198214,7.17705247841762e-11
691.527305406059,7.17352835582504e-11
692.058840613903,7.17001189495573e-11
692.590375821748,7.16650377458245e-11
693.121911029593,7.16300053285572e-11
693.653446237438,7.1595068494284e-11
694.184981445283,7.15602199475111e-11
694.716516653127,7.15254080278641e-11
695.248051860972,7.14907435842398e-11
695.779587068817,7.14561138720924e-11
696.311122276662,7.14215703467058e-11
696.842657484506,7.13870926959738e-11
697.374192692351,7.13526266236144e-11
697.905727900196,7.13182932406705e-11
698.437263108041,7.12840055661514e-11
698.968798315886,7.12498002014184e-11
699.50033352373,7.12156712776817e-11
700.031868731575,7.11816090816907e-11
700.56340393942,7.11476687700599e-11
701.094939147265,7.11137691279907e-11
701.626474355109,7.10799546711767e-11
702.158009562954,7.10462247219227e-11
702.689544770799,7.10125802325619e-11
703.221079978644,7.09789956915273e-11
703.752615186489,7.09454663306524e-11
704.284150394333,7.09120057196099e-11
704.815685602178,7.08786158863183e-11
705.347220810023,7.08453099589631e-11
705.878756017868,7.08120525131486e-11
706.410291225713,7.07788904569439e-11
706.941826433557,7.07457796566978e-11
707.473361641402,7.07127322486064e-11
708.004896849247,7.06797775953655e-11
708.536432057092,7.06469083785387e-11
709.067967264936,7.06140984752522e-11
709.599502472781,7.05813713809471e-11
710.131037680626,7.05487218085296e-11
710.662572888471,7.05161398759783e-11
711.194108096316,7.0483638671276e-11
711.72564330416,7.04511918009915e-11
712.257178512005,7.04188269200845e-11
712.78871371985,7.03865139906518e-11
713.320248927695,7.03542908240074e-11
713.851784135539,7.03221019398341e-11
714.383319343384,7.02900037128555e-11
714.914854551229,7.02579653501201e-11
715.446389759074,7.02260045842564e-11
715.977924966919,7.01941079737558e-11
716.509460174763,7.016229243697e-11
717.040995382608,7.01305432233394e-11
717.572530590453,7.00988891052211e-11
718.104065798298,7.00672658116803e-11
718.635601006142,7.00357353901365e-11
719.167136213987,7.00042688180536e-11
719.698671421832,6.99728679927012e-11
720.230206629677,6.99415200264829e-11
720.761741837522,6.9910270104813e-11
721.293277045366,6.98790682338255e-11
721.824812253211,6.98479604790332e-11
722.356347461056,6.98168867735421e-11
722.887882668901,6.97859037644611e-11
723.419417876745,6.97549849973975e-11
723.95095308459,6.97241299943548e-11
724.482488292435,6.96933608485921e-11
725.01402350028,6.96626303650244e-11
725.545558708125,6.96319964667312e-11
726.077093915969,6.96013968303026e-11
726.608629123814,6.95708835575195e-11
727.140164331659,6.95404320150743e-11
727.671699539504,6.95100463734632e-11
728.203234747348,6.94797260534534e-11
728.734769955193,6.9449490616909e-11
729.266305163038,6.94192990468088e-11
729.797840370883,6.938920780617e-11
730.329375578728,6.93591397196542e-11
730.860910786572,6.93291549372233e-11
731.392445994417,6.92992637913499e-11
731.923981202262,6.9269412051538e-11
732.455516410107,6.9239610585584e-11
732.987051617951,6.9209899178336e-11
733.518586825796,6.91802677545996e-11
734.050122033641,6.91506795721663e-11
734.581657241486,6.91211539656602e-11
735.113192449331,6.90917060897989e-11
735.644727657175,6.90622815631604e-11
736.17626286502,6.90329811774923e-11
736.707798072865,6.90037276031779e-11
737.23933328071,6.89745189081481e-11
737.770868488554,6.89453897654284e-11
738.302403696399,6.89163316503055e-11
738.833938904244,6.8887344523121e-11
739.365474112089,6.88583780511457e-11
739.897009319934,6.88295166142909e-11
740.428544527778,6.88007394134287e-11
740.960079735623,6.87719864137027e-11
741.491614943468,6.8743311819028e-11
742.023150151313,6.87146806201297e-11
742.554685359157,6.86861362766124e-11
743.086220567002,6.86576414366318e-11
743.617755774847,6.86292321686756e-11
744.149290982692,6.86008688538985e-11
744.680826190537,6.85725859853994e-11
745.212361398381,6.85443431395674e-11
745.743896606226,6.8516162533906e-11
746.275431814071,6.84880477222907e-11
746.806967021916,6.84599794020698e-11
747.33850222976,6.84320166130448e-11
747.870037437605,6.84040858992741e-11
748.40157264545,6.8376226517543e-11
748.933107853295,6.83484430617955e-11
749.46464306114,6.83207253852633e-11
749.996178268984,6.82930809974591e-11
750.527713476829,6.82654763784925e-11
751.059248684674,6.82379500092454e-11
751.590783892519,6.82104610891436e-11
752.122319100363,6.81830398055378e-11
752.653854308208,6.81556640709521e-11
753.185389516053,6.81283345922719e-11
753.716924723898,6.8101099454503e-11
754.248459931743,6.80739042685394e-11
754.779995139587,6.80468067911834e-11
755.311530347432,6.80197377506026e-11
755.843065555277,6.79927612990669e-11
756.374600763122,6.79658348872227e-11
756.906135970967,6.79389845733411e-11
757.437671178811,6.79122039162299e-11
757.969206386656,6.78854531476062e-11
758.500741594501,6.78587715291737e-11
759.032276802346,6.78321503455858e-11
759.56381201019,6.78055611460852e-11
760.095347218035,6.77790445119613e-11
760.62688242588,6.7752570174256e-11
761.158417633725,6.77261728270124e-11
761.68995284157,6.76998453588191e-11
762.221488049414,6.76735857614177e-11
762.753023257259,6.76474053155628e-11
763.284558465104,6.76212716435616e-11
763.816093672949,6.75951928850929e-11
764.347628880793,6.75691973405588e-11
764.879164088638,6.75432113547158e-11
765.410699296483,6.75173307470486e-11
765.942234504328,6.74914398176042e-11
766.473769712173,6.74656563596893e-11
767.005304920017,6.74399166105911e-11
767.536840127862,6.74142019288935e-11
768.068375335707,6.73885802953921e-11
768.599910543552,6.73630387255956e-11
769.131445751397,6.73375157908298e-11
769.662980959241,6.7312110893013e-11
770.194516167086,6.72867566421745e-11
770.726051374931,6.72614215527224e-11
771.257586582776,6.72361731161048e-11
771.78912179062,6.72109996886653e-11
772.320656998465,6.71858450388347e-11
772.85219220631,6.71607645534937e-11
773.383727414155,6.71357423356811e-11
773.915262622,6.71107509654127e-11
774.446797829844,6.70858425172414e-11
774.978333037689,6.70609385148231e-11
775.509868245534,6.70361473565691e-11
776.041403453379,6.70113776909183e-11
776.572938661223,6.69866842380951e-11
777.104473869068,6.69620587465846e-11
777.636009076913,6.69375014891175e-11
778.167544284758,6.69129949707274e-11
778.699079492603,6.68885613913332e-11
779.230614700447,6.68641853755441e-11
779.762149908292,6.68398494142329e-11
780.293685116137,6.68155698372916e-11
780.825220323982,6.67913297867815e-11
781.356755531826,6.67671499527819e-11
781.888290739671,6.67430331515647e-11
782.419825947516,6.67189339417545e-11
782.951361155361,6.6694931171104e-11
783.482896363206,6.66709635966729e-11
784.01443157105,6.6647083067154e-11
784.545966778895,6.66232413895017e-11
785.07750198674,6.65994840855279e-11
785.609037194585,6.65757615648197e-11
786.140572402429,6.65521237408303e-11
786.672107610274,6.65285027524248e-11
787.203642818119,6.65049391869395e-11
787.735178025964,6.64814461672978e-11
788.266713233809,6.64579765617817e-11
788.798248441653,6.6434568106275e-11
789.329783649498,6.64112128978766e-11
789.861318857343,6.63879321498932e-11
790.392854065188,6.63647164207151e-11
790.924389273032,6.63415502180852e-11
791.455924480877,6.63184421807285e-11
791.987459688722,6.6295382425853e-11
792.518994896567,6.62724038563301e-11
793.050530104412,6.62494438683354e-11
793.582065312256,6.62265536293193e-11
794.113600520101,6.62037055650992e-11
794.645135727946,6.61808871746776e-11
795.176670935791,6.61581601819456e-11
795.708206143635,6.61354808488573e-11
796.23974135148,6.61128651873311e-11
796.771276559325,6.60903016520087e-11
797.30281176717,6.60677531693999e-11
797.834346975015,6.60452667733337e-11
798.365882182859,6.60228354667324e-11
798.897417390704,6.60005245899979e-11
799.428952598549,6.59782097144534e-11
799.960487806394,6.59559583694992e-11
800.492023014238,6.59337598318517e-11
801.023558222083,6.59116486704741e-11
801.555093429928,6.58895241196894e-11
802.086628637773,6.58675181035861e-11
802.618163845618,6.58454855364576e-11
803.149699053462,6.58236107757678e-11
803.681234261307,6.58016958049e-11
804.212769469152,6.57798439010054e-11
804.744304676997,6.57580921533468e-11
805.275839884842,6.57363757596085e-11
805.807375092686,6.57147486502117e-11
806.338910300531,6.56931073635027e-11
806.870445508376,6.56715614721539e-11
807.401980716221,6.56500690027158e-11
807.933515924065,6.56286121606782e-11
808.46505113191,6.56071758306374e-11
808.996586339755,6.55858416317248e-11
809.5281215476,6.55645081796969e-11
810.059656755445,6.55432636401708e-11
810.591191963289,6.55220808477059e-11
811.122727171134,6.55009204817687e-11
811.654262378979,6.54798055560459e-11
812.185797586824,6.54587844329791e-11
812.717332794668,6.5437805487009e-11
813.248868002513,6.54168757156711e-11
813.780403210358,6.5396004492571e-11
814.311938418203,6.53751717951497e-11
814.843473626048,6.53543974421896e-11
815.375008833892,6.53336686924143e-11
815.906544041737,6.53129937674286e-11
816.438079249582,6.52923537974831e-11
816.969614457427,6.52717762116806e-11
817.501149665271,6.5251219395128e-11
818.032684873116,6.52307274014099e-11
818.564220080961,6.52102822686955e-11
819.095755288806,6.51898925304544e-11
819.627290496651,6.51695787446767e-11
820.158825704495,6.51493063896808e-11
820.69036091234,6.51290918087872e-11
821.221896120185,6.5108952858286e-11
821.75343132803,6.5088850838141e-11
822.284966535874,6.50688125742554e-11
822.816501743719,6.50488235078782e-11
823.348036951564,6.50288678940962e-11
823.879572159409,6.50088890113286e-11
824.411107367254,6.49890139680241e-11
824.942642575098,6.49691474447009e-11
825.474177782943,6.494935338436e-11
826.005712990788,6.49295882322123e-11
826.537248198633,6.49099285528656e-11
827.068783406477,6.48903334917295e-11
827.600318614322,6.48707420058877e-11
828.131853822167,6.48512593199693e-11
828.663389030012,6.48318328459196e-11
829.194924237857,6.48124346822604e-11
829.726459445701,6.4793104229325e-11
830.257994653546,6.47738061124402e-11
830.789529861391,6.47544692824901e-11
831.321065069236,6.4735218902116e-11
831.852600277081,6.47160193344666e-11
832.384135484925,6.46968937606191e-11
832.91567069277,6.46777892101002e-11
833.447205900615,6.46587403848347e-11
833.97874110846,6.46397582041545e-11
834.510276316304,6.46208722598488e-11
835.041811524149,6.4601980899391e-11
835.573346731994,6.45831835125003e-11
836.104881939839,6.45644433662472e-11
836.636417147684,6.45457100509066e-11
837.167952355528,6.45270359545466e-11
837.699487563373,6.45083628765614e-11
838.231022771218,6.44897777191922e-11
838.762557979063,6.44712141509318e-11
839.294093186907,6.44527208343492e-11
839.825628394752,6.443425133095e-11
840.357163602597,6.44158534381754e-11
840.888698810442,6.43975005975631e-11
841.420234018287,6.43791822044638e-11
841.951769226131,6.43609413522525e-11
842.483304433976,6.43427415608206e-11
843.014839641821,6.4324608801114e-11
843.546374849666,6.43065004088561e-11
844.077910057511,6.42884496754984e-11
844.609445265355,6.42704237102071e-11
845.1409804732,6.42524766482335e-11
845.672515681045,6.42345467475137e-11
846.20405088889,6.42166469034877e-11
846.735586096734,6.41988112369129e-11
847.267121304579,6.41810222367068e-11
847.798656512424,6.4163282364857e-11
848.330191720269,6.41456049062322e-11
848.861726928114,6.4127982300094e-11
849.393262135958,6.4110416535374e-11
849.924797343803,6.40928899008971e-11
850.456332551648,6.40754234034767e-11
850.987867759493,6.4057996408631e-11
851.519402967337,6.40406050372047e-11
852.050938175182,6.4023245234139e-11
852.582473383027,6.40059114461133e-11
853.114008590872,6.39886293786755e-11
853.645543798717,6.39713832751333e-11
854.177079006561,6.39541913001435e-11
854.708614214406,6.39370553022141e-11
855.240149422251,6.39199896272561e-11
855.771684630096,6.39029747692433e-11
856.30321983794,6.38860049531979e-11
856.834755045785,6.38691091129824e-11
857.36629025363,6.3852251878146e-11
857.897825461475,6.38354150490647e-11
858.42936066932,6.38186379318364e-11
858.960895877164,6.38018855579961e-11
859.492431085009,6.37851691632131e-11
860.023966292854,6.37684906591244e-11
860.555501500699,6.37518425617207e-11
861.087036708543,6.37352571847249e-11
861.618571916388,6.37187258826478e-11
862.150107124233,6.37022603732202e-11
862.681642332078,6.3685833697152e-11
863.213177539923,6.36694643036381e-11
863.744712747767,6.36531310568555e-11
864.276247955612,6.36368834827611e-11
864.807783163457,6.36206572553328e-11
865.339318371302,6.36044494040418e-11
865.870853579146,6.3588298752912e-11
866.402388786991,6.35721781191968e-11
866.933923994836,6.35560945455986e-11
867.465459202681,6.35400657515872e-11
867.996994410526,6.35240793086607e-11
868.52852961837,6.35081271205181e-11
869.060064826215,6.34922427336467e-11
869.59160003406,6.34763994153159e-11
870.123135241905,6.34606202675085e-11
870.654670449749,6.34448952909848e-11
871.186205657594,6.34291996102714e-11
871.717740865439,6.34135515974498e-11
872.249276073284,6.33979019786142e-11
872.780811281129,6.33823246880421e-11
873.312346488973,6.33668266585778e-11
873.843881696818,6.33513424477365e-11
874.375416904663,6.33358926137384e-11
874.906952112508,6.33204727198862e-11
875.438487320352,6.33051237245506e-11
875.970022528197,6.32898412132835e-11
876.501557736042,6.32745831304408e-11
877.033092943887,6.32593847241802e-11
877.564628151732,6.32442211595743e-11
878.096163359576,6.32291033091732e-11
878.627698567421,6.32140040851508e-11
879.159233775266,6.31989824466871e-11
879.690768983111,6.31839649023535e-11
880.222304190955,6.31690169109723e-11
880.7538393988,6.31541102262134e-11
881.285374606645,6.31392437548826e-11
881.81690981449,6.31244248013401e-11
882.348445022335,6.31096557570976e-11
882.879980230179,6.30949376018057e-11
883.411515438024,6.30802593943078e-11
883.943050645869,6.30656080175819e-11
884.474585853714,6.30510050550606e-11
885.006121061558,6.30364444546803e-11
885.537656269403,6.30219256047174e-11
886.069191477248,6.30074608723888e-11
886.600726685093,6.29930271824924e-11
887.132261892938,6.29786439096533e-11
887.663797100782,6.29642897041798e-11
888.195332308627,6.29500276277081e-11
888.726867516472,6.29357654321032e-11
889.258402724317,6.29215646233664e-11
889.789937932161,6.29074036738663e-11
890.321473140006,6.28932988634907e-11
890.853008347851,6.28791838055312e-11
891.384543555696,6.28651908286774e-11
891.916078763541,6.28511824796073e-11
892.447613971385,6.28371965682668e-11
892.97914917923,6.2823296635272e-11
893.510684387075,6.2809419832536e-11
894.04221959492,6.27956070814e-11
894.573754802765,6.27818143139999e-11
895.105290010609,6.27680435392947e-11
895.636825218454,6.27543968508733e-11
896.168360426299,6.27407311368547e-11
896.699895634144,6.2727162499349e-11
897.231430841988,6.27135993393798e-11
897.762966049833,6.27000961217199e-11
898.294501257678,6.26865943415934e-11
898.826036465523,6.2673162378316e-11
899.357571673368,6.26597606649942e-11
899.889106881212,6.26463853345213e-11
900.420642089057,6.26330562218109e-11
900.952177296902,6.26197927572419e-11
901.483712504747,6.2606562091153e-11
902.015247712591,6.25933877798627e-11
902.546782920436,6.25802387149939e-11
903.078318128281,6.25671405021194e-11
903.609853336126,6.25540726187669e-11
904.141388543971,6.25410770437692e-11
904.672923751815,6.25281095620592e-11
905.20445895966,6.25152051628662e-11
905.735994167505,6.25022960512759e-11
906.26752937535,6.24894250826405e-11
906.799064583194,6.24766389273045e-11
907.330599791039,6.24638435628406e-11
907.862134998884,6.24511244307458e-11
908.393670206729,6.24384412343239e-11
908.925205414574,6.24257850284185e-11
909.456740622418,6.2413208588883e-11
909.988275830263,6.2400645646352e-11
910.519811038108,6.23881362598151e-11
911.051346245953,6.23756571587419e-11
911.582881453798,6.23632288365341e-11
912.114416661642,6.23508373098306e-11
912.645951869487,6.23384800494824e-11
913.177487077332,6.23261602071164e-11
913.709022285177,6.2313886300673e-11
914.240557493021,6.23016583176387e-11
914.772092700866,6.22894779141104e-11
915.303627908711,6.22773397073012e-11
915.835163116556,6.226522552332e-11
916.366698324401,6.22531717060484e-11
916.898233532245,6.22411630826659e-11
917.42976874009,6.22291820970833e-11
917.961303947935,6.22172551124827e-11
918.49283915578,6.22053542324322e-11
919.024374363624,6.21935055543744e-11
919.555909571469,6.2181678750656e-11
920.087444779314,6.2169909168466e-11
920.618979987159,6.21581638502322e-11
921.150515195004,6.21464515163159e-11
921.682050402848,6.21347933953181e-11
922.213585610693,6.21231739898971e-11
922.745120818538,6.21115898038317e-11
923.276656026383,6.21000621695588e-11
923.808191234227,6.20885777029785e-11
924.339726442072,6.20771322360774e-11
924.871261649917,6.20657360063908e-11
925.402796857762,6.20543700151473e-11
925.934332065607,6.20430516196827e-11
926.465867273451,6.20317684409207e-11
926.997402481296,6.20205184629174e-11
927.528937689141,6.20093156370677e-11
928.060472896986,6.19981378324393e-11
928.59200810483,6.19870055510624e-11
929.123543312675,6.19758893939219e-11
929.65507852052,6.1964846067922e-11
930.186613728365,6.19538556015418e-11
930.71814893621,6.1942860794287e-11
931.249684144054,6.19319554492107e-11
931.781219351899,6.19210706067846e-11
932.312754559744,6.19102307026672e-11
932.844289767589,6.18994254363456e-11
933.375824975433,6.18886609441984e-11
933.907360183278,6.18779574385167e-11
934.438895391123,6.18672514496262e-11
934.970430598968,6.18565865611019e-11
935.501965806813,6.18459899954193e-11
936.033501014657,6.18354101662436e-11
936.565036222502,6.18248862776523e-11
937.096571430347,6.18143983592456e-11
937.628106638192,6.18039523308304e-11
938.159641846036,6.17935276335519e-11
938.691177053881,6.17831605551579e-11
939.222712261726,6.17728437576198e-11
939.754247469571,6.17625678655355e-11
940.285782677416,6.17522898838295e-11
940.81731788526,6.1742075267335e-11
941.348853093105,6.17319151273332e-11
941.88038830095,6.17217844550529e-11
942.411923508795,6.17117054115299e-11
942.943458716639,6.17016629950504e-11
943.474993924484,6.16916499949642e-11
944.006529132329,6.16816396119838e-11
944.538064340174,6.16716779957099e-11
945.069599548019,6.16618222005308e-11
945.601134755863,6.16519740848092e-11
946.132669963708,6.16421392420208e-11
946.664205171553,6.16323720459295e-11
947.195740379398,6.16226415176006e-11
947.727275587243,6.16129097391677e-11
948.258810795087,6.16032541054653e-11
948.790346002932,6.15936378633885e-11
949.321881210777,6.15840613171695e-11
949.853416418622,6.15745258393047e-11
950.384951626466,6.15650150992871e-11
950.916486834311,6.15555560160223e-11
951.448022042156,6.15461216427008e-11
951.979557250001,6.15367357466113e-11
952.511092457846,6.15273880295311e-11
953.04262766569,6.15180731854424e-11
953.574162873535,6.1508792588618e-11
954.10569808138,6.149955502117e-11
954.637233289225,6.14903562654621e-11
955.168768497069,6.14811825630583e-11
955.700303704914,6.14720740361183e-11
956.231838912759,6.14630018255789e-11
956.763374120604,6.14539491760891e-11
957.294909328449,6.14449506854999e-11
957.826444536293,6.14360174527099e-11
958.357979744138,6.14270815493355e-11
958.889514951983,6.14182062631705e-11
959.421050159828,6.14093563028666e-11
959.952585367672,6.14005747739578e-11
960.484120575517,6.13917698400504e-11
961.015655783362,6.13830103807319e-11
961.547190991207,6.13743466957849e-11
962.078726199052,6.13656757600851e-11
962.610261406896,6.13570455834959e-11
963.141796614741,6.13484565446836e-11
963.673331822586,6.13399232028663e-11
964.204867030431,6.13314178670677e-11
964.736402238275,6.13229823249831e-11
965.26793744612,6.13145526177291e-11
965.799472653965,6.13061740129406e-11
966.33100786181,6.12978377759868e-11
966.862543069655,6.12895125749994e-11
967.394078277499,6.12812372235703e-11
967.925613485344,6.12729791116118e-11
968.457148693189,6.12647988255683e-11
968.988683901034,6.12566355674058e-11
969.520219108878,6.124849619386e-11
970.051754316723,6.12403976266691e-11
970.583289524568,6.1232368234878e-11
971.114824732413,6.12243788997677e-11
971.646359940258,6.12163870145544e-11
972.177895148102,6.12084465122406e-11
972.709430355947,6.1200587499133e-11
973.240965563792,6.1192724425774e-11
973.772500771637,6.11849083899388e-11
974.304035979482,6.1177107178466e-11
974.835571187326,6.11693652829422e-11
975.367106395171,6.11616728224302e-11
975.898641603016,6.11539894551753e-11
976.430176810861,6.11463646796074e-11
976.961712018705,6.11387534363049e-11
977.49324722655,6.1131211026992e-11
978.024782434395,6.11236981374052e-11
978.55631764224,6.11162297661816e-11
979.087852850085,6.110879534089e-11
979.619388057929,6.11013705054319e-11
980.150923265774,6.10940183694418e-11
980.682458473619,6.10866814446859e-11
981.213993681464,6.10793909276512e-11
981.745528889308,6.10721279714131e-11
982.277064097153,6.10649072900533e-11
982.808599304998,6.10577216850925e-11
983.340134512843,6.10505811273149e-11
983.871669720688,6.10434791229172e-11
984.403204928532,6.10364061676936e-11
984.934740136377,6.1029373693099e-11
985.466275344222,6.10223999821683e-11
985.997810552067,6.10154357733021e-11
986.529345759912,6.10085315044585e-11
987.060880967756,6.10016416398158e-11
987.592416175601,6.09947928325933e-11
988.123951383446,6.09879973472392e-11
988.655486591291,6.09812171312073e-11
989.187021799135,6.0974476790993e-11
989.71855700698,6.09677757859513e-11
990.250092214825,6.09611169552323e-11
990.78162742267,6.0954483950215e-11
991.313162630515,6.09478967207018e-11
991.844697838359,6.09413396553899e-11
992.376233046204,6.0934863736778e-11
992.907768254049,6.09283976293941e-11
993.439303461894,6.09219766316021e-11
993.970838669738,6.0915573369539e-11
994.502373877583,6.09092091803897e-11
995.033909085428,6.09028912212185e-11
995.565444293273,6.0896596309262e-11
996.096979501118,6.08903332290201e-11
996.628514708962,6.08840987104576e-11
997.160049916807,6.08779051272103e-11
997.691585124652,6.08717619014473e-11
998.223120332497,6.08656218868139e-11
998.754655540341,6.08595949840949e-11
999.286190748186,6.08535600894636e-11
999.817725956031,6.08475793476477e-11
1000.34926116388,6.08416290890994e-11
1000.88079637172,6.08357456914071e-11
1001.41233157957,6.08298490045034e-11
1001.94386678741,6.08240177642292e-11
1002.47540199525,6.0818210491449e-11
1003.0069372031,6.08123950619243e-11
1003.53847241094,6.08066767624309e-11
1004.07000761879,6.0800957842256e-11
1004.60154282663,6.07953160222101e-11
1005.13307803448,6.07896738478206e-11
1005.66461324232,6.07840856680456e-11
1006.19614845017,6.07784977977279e-11
1006.72768365801,6.07730095972956e-11
1007.25921886586,6.07675159098001e-11
1007.7907540737,6.07620775526271e-11
1008.32228928155,6.07566641822082e-11
1008.85382448939,6.07512978671861e-11
1009.38535969724,6.07459544343261e-11
1009.91689490508,6.07406501789738e-11
1010.44843011293,6.07353886671993e-11
1010.97996532077,6.07301727539626e-11
1011.51150052862,6.07249973300215e-11
1012.04303573646,6.07198478805669e-11
1012.57457094431,6.07147229937144e-11
1013.10610615215,6.07096749875771e-11
1013.63764136,6.07046158483399e-11
1014.16917656784,6.0699605066915e-11
1014.70071177568,6.06946158922767e-11
1015.23224698353,6.06896933136153e-11
1015.76378219137,6.06847908354605e-11
1016.29531739922,6.06799294325848e-11
1016.82685260706,6.06750928607148e-11
1017.35838781491,6.06703080586476e-11
1017.88992302275,6.06655590302687e-11
1018.4214582306,6.06608412885468e-11
1018.95299343844,6.06561640954461e-11
1019.48452864629,6.06515234203745e-11
1020.01606385413,6.06469132232558e-11
1020.54759906198,6.06423447119317e-11
1021.07913426982,6.06378052287128e-11
1021.61066947767,6.06332979151199e-11
1022.14220468551,6.06288322106455e-11
1022.67373989336,6.06243918521698e-11
1023.2052751012,6.0620000375466e-11
1023.73681030905,6.06156379381134e-11
1024.26834551689,6.06113208236394e-11
1024.79988072474,6.06070553919198e-11
1025.33141593258,6.06027990844264e-11
1025.86295114043,6.05986166430941e-11
1026.39448634827,6.05944376443629e-11
1026.92602155611,6.05903010680781e-11
1027.45755676396,6.05861938393426e-11
1027.9890919718,6.05821414296033e-11
1028.52062717965,6.05780792366171e-11
1029.05216238749,6.05740795180575e-11
1029.58369759534,6.05701156921895e-11
1030.11523280318,6.05661793088912e-11
1030.64676801103,6.05623000519371e-11
1031.17830321887,6.05584585463041e-11
1031.70983842672,6.05545871945752e-11
1032.24137363456,6.05508511046476e-11
1032.77290884241,6.05471007686219e-11
1033.30444405025,6.05434281665878e-11
1033.8359792581,6.05397941307597e-11
1034.36751446594,6.05361894148311e-11
1034.89904967379,6.05325573732395e-11
1035.43058488163,6.05290068759367e-11
1035.96212008948,6.05254618784466e-11
1036.49365529732,6.05219192729464e-11
1037.02519050517,6.05184222201289e-11
1037.55672571301,6.05149609906967e-11
1038.08826092086,6.05115673943176e-11
1038.6197961287,6.05082012180309e-11
1039.15133133654,6.05049047404215e-11
1039.68286654439,6.05016467306527e-11
1040.21440175223,6.04984373422015e-11
1040.74593696008,6.04952469981225e-11
1041.27747216792,6.04921287371213e-11
1041.80900737577,6.04890243208885e-11
1042.34054258361,6.04859168247656e-11
1042.87207779146,6.04828599574399e-11
1043.4036129993,6.0479830303607e-11
1043.93514820715,6.04768010290176e-11
1044.46668341499,6.04738161748179e-11
1044.99821862284,6.04708505454336e-11
1045.52975383068,6.04679615995891e-11
1046.06128903853,6.04651176751061e-11
1046.59282424637,6.04622831496978e-11
1047.12435945422,6.04595358298726e-11
1047.65589466206,6.04567809357227e-11
1048.18742986991,6.04540907535159e-11
1048.71896507775,6.04514253567181e-11
1049.2505002856,6.04487803499906e-11
1049.78203549344,6.0446193673353e-11
1050.31357070129,6.04436093068922e-11
1050.84510590913,6.04410737111164e-11
1051.37664111697,6.04385847286022e-11
1051.90817632482,6.04361265338962e-11
1052.43971153266,6.04337186119581e-11
1052.97124674051,6.04313159541501e-11
1053.50278194835,6.04289824964748e-11
1054.0343171562,6.04266706368961e-11
1054.56585236404,6.04243918821913e-11
1055.09738757189,6.04221473272424e-11
1055.62892277973,6.04199167646485e-11
1056.16045798758,6.04177495976945e-11
1056.69199319542,6.0415597907578e-11
1057.22352840327,6.04135009982653e-11
1057.75506361111,6.04114148117152e-11
1058.28659881896,6.04093846466712e-11
1058.8181340268,6.04073888322034e-11
1059.34966923465,6.04054318368486e-11
1059.88120444249,6.0403504889943e-11
1060.41273965034,6.04016158704758e-11
1060.94427485818,6.03997771985345e-11
1061.47581006603,6.03979691353981e-11
1062.00734527387,6.03962024659696e-11
1062.53888048172,6.03944736211374e-11
1063.07041568956,6.03927587364452e-11
1063.6019508974,6.0391080944625e-11
1064.13348610525,6.03893979136036e-11
1064.66502131309,6.03877552898703e-11
1065.19655652094,6.03861536144916e-11
1065.72809172878,6.03845928602612e-11
1066.25962693663,6.03830557230589e-11
1066.79116214447,6.03815987779267e-11
1067.32269735232,6.03801694751922e-11
1067.85423256016,6.03788086178715e-11
1068.38576776801,6.03774786236143e-11
1068.91730297585,6.03761674154621e-11
1069.4488381837,6.03749680467709e-11
1069.98037339154,6.03737620632826e-11
1070.51190859939,6.03725174490182e-11
1071.04344380723,6.0371312682678e-11
1071.57497901508,6.03701373351377e-11
1072.10651422292,6.03689796105031e-11
1072.63804943077,6.03678625929515e-11
1073.16958463861,6.03668799419442e-11
1073.70111984646,6.03657504832685e-11
1074.2326550543,6.03648070672631e-11
1074.76419026214,6.03639212198627e-11
1075.29572546999,6.03630346773364e-11
1075.82726067783,6.03621195093713e-11
1076.35879588568,6.0361432937164e-11
1076.89033109352,6.03605044569345e-11
1077.42186630137,6.03598536502289e-11
1077.95340150921,6.03591024871241e-11
1078.48493671706,6.03583859210449e-11
1079.0164719249,6.03577224728418e-11
1079.54800713275,6.03571429715624e-11
1080.07954234059,6.03565102330068e-11
1080.61107754844,6.03560126971484e-11
1081.14261275628,6.03555084924641e-11
1081.67414796413,6.03549990966487e-11
1082.20568317197,6.03545302053613e-11
1082.73721837982,6.03541389003164e-11
1083.26875358766,6.03537879850711e-11
1083.80028879551,6.03534433449531e-11
1084.33182400335,6.03531164689136e-11
1084.8633592112,6.0352877915603e-11
1085.39489441904,6.03526687824409e-11
1085.92642962689,6.03524656768712e-11
1086.45796483473,6.03522992212967e-11
1086.98950004257,6.0352178413376e-11
1087.52103525042,6.03520753300055e-11
1088.05257045826,6.03520204408707e-11
1088.58410566611,6.03519839579876e-11
