time_s,vz_taylor,vz_optimized,vx_taylor,vx_optimized
0,0,0,0,0
0.00179897293,0,0,0,0
0.00359794585,0,0,0,0
0.00539691878,0,0,0,0
0.0071958917,0,0,0,0
0.00899486463,0,0,0,0
0.0107938376,0,0,0,0
0.0125928105,0,0,0,0
0.0143917834,0,0,0,0
0.0161907563,0,0,0,0
0.0179897293,1.82792495e-92,5.77927824e-79,0,0
0.0197887022,-2.12001682e-87,-6.53036033e-75,-5.94598407e-88,-7.04233139e-75
0.0215876751,2.20868726e-84,2.18613532e-72,9.19715097e-84,1.66331222e-71
0.023386648,-8.52060444e-82,-4.63347693e-70,-6.77022847e-81,-3.08963445e-69
0.025185621,1.78746755e-79,3.22480953e-68,1.00557689e-78,1.28018876e-67
0.0269845939,-1.28438393e-77,-5.89157765e-67,-4.76298282e-77,-1.23265278e-66
0.0287835668,3.24762624e-76,4.20210935e-68,7.87127254e-76,-6.63169511e-66
0.0305825397,-2.21150584e-75,4.03319014e-65,-1.92967037e-75,6.66558438e-65
0.0323815127,-1.58031898e-74,7.75161403e-65,-4.61295701e-74,4.21892076e-64
0.0341804856,1.35795874e-73,-1.20696354e-63,1.00396365e-73,-7.87732293e-64
0.0359794585,8.23343176e-73,-6.52764478e-63,1.88264601e-72,-1.3380665e-62
0.0377784314,-2.82867237e-72,2.39095043e-63,1.14356362e-72,-3.3645166e-62
0.0395774044,-3.06528889e-71,1.33784229e-61,-4.45468212e-71,1.05543588e-61
0.0413763773,-2.98090113e-71,4.92678432e-61,-1.61443657e-70,9.11493359e-61
0.0431753502,5.13238849e-70,5.64265492e-62,3.01759582e-70,2.08351959e-60
0.0449743231,2.29782664e-69,-5.91686113e-60,3.65509352e-69,-2.81582725e-60
0.0467732961,2.08354874e-70,-2.33667778e-59,8.18093212e-69,-3.2374067e-59
0.048572269,-3.09292105e-68,-2.88582777e-59,-1.93835324e-68,-9.15501412e-59
0.0503712419,-1.12985425e-67,1.0662355e-58,-1.64353189e-67,-4.67387675e-59
0.0521702148,-5.10426534e-68,6.30243163e-58,-3.59483893e-67,5.70800087e-58
0.0539691878,9.97712052e-67,1.42328184e-57,4.04040053e-67,2.329042e-57
0.0557681607,3.9984302e-66,4.38325122e-58,4.7226472e-66,3.96789579e-57
0.0575671336,4.97521819e-66,-8.10708261e-57,1.25635556e-65,-1.91146657e-57
0.0593661065,-1.64009238e-65,-3.01945015e-56,3.99601302e-66,-3.07232107e-56
0.0611650795,-9.5311509e-65,-5.16700653e-56,-8.2822766e-65,-8.84419394e-56
0.0629640524,-2.00200928e-64,3.10498781e-57,-3.03124364e-64,-1.11901602e-55
0.0647630253,2.85319869e-66,2.90167512e-55,-4.24384476e-64,1.16148325e-55
0.0665619982,1.35454205e-63,9.02207624e-55,6.07987668e-64,9.26652959e-55
0.0683609712,4.42550213e-63,1.37061413e-54,4.61425337e-63,2.26606807e-54
0.0701599441,6.0598758e-63,-1.01590846e-55,1.10575502e-62,2.48858588e-54
0.071958917,-6.58230679e-63,-6.63593525e-54,8.30147301e-63,-2.85785723e-54
0.0737578899,-5.53172901e-62,-1.9439898e-53,-3.54673158e-62,-1.93673224e-53
0.0755568629,-1.38565287e-61,-2.88607772e-53,-1.54575198e-61,-4.43591645e-53
0.0773558358,-1.40995494e-61,-2.705215e-54,-2.91455406e-61,-4.78975791e-53
0.0791548087,2.71887802e-61,1.10892051e-52,-1.11878166e-61,4.23349366e-53
0.0809537817,1.53500606e-60,3.31343567e-52,1.08414534e-60,3.10738911e-52
0.0827527546,3.36686028e-60,5.15352258e-52,3.78748698e-60,7.17843764e-52
0.0845517275,2.97829908e-60,1.95388885e-52,6.28381604e-60,8.47363506e-52
0.0863507004,-6.45336774e-60,-1.39140301e-51,1.54279199e-60,-2.88564919e-52
0.0881496734,-3.25098747e-59,-4.66679436e-51,-2.31014209e-59,-3.89977737e-51
0.0899486463,-6.8091067e-59,-8.12105728e-51,-7.41760926e-59,-9.85297018e-51
0.0917476192,-6.17133505e-59,-6.22144937e-51,-1.1845097e-58,-1.37310378e-50
0.0935465921,1.03622027e-58,1.09312673e-50,-3.68996365e-59,-4.1971185e-51
0.0953455651,5.53537075e-58,5.1871423e-50,3.72149899e-58,3.46272069e-50
0.097144538,1.18580233e-57,1.0778937e-49,1.21162991e-57,1.08995769e-49
0.0989435109,1.23599096e-57,1.28559677e-49,2.00644684e-57,1.8646619e-49
0.100742484,-1.03973155e-57,8.45521065e-51,1.0671588e-57,1.63550164e-49
0.102541457,-7.66306175e-57,-3.80881336e-49,-4.51632267e-57,-1.32653337e-49
0.10434043,-1.79130856e-56,-1.06633377e-48,-1.66665214e-56,-8.49858699e-49
0.106139403,-2.26162901e-56,-1.75221337e-48,-3.0394477e-56,-1.88035703e-48
0.107938376,8.8175211e-58,-1.60387345e-48,-2.54840715e-56,-2.547864e-48
0.109737348,8.29835624e-56,7.04816193e-49,3.58764054e-56,-1.44626304e-48
0.111536321,2.29847354e-55,6.32272805e-48,1.88100932e-55,3.15244538e-48
0.113335294,3.56776995e-55,1.47353066e-47,3.99087057e-55,1.19364271e-47
0.115134267,2.13911911e-55,2.18703189e-47,4.70719799e-55,2.23750127e-47
0.11693324,-5.999354e-55,1.91774617e-47,-2.46147096e-56,2.69462079e-47
0.118732213,-2.36905487e-54,-4.22245512e-48,-1.60299931e-54,1.41417271e-47
0.120531186,-4.59710931e-54,-5.49637105e-47,-4.30800074e-54,-2.55022792e-47
0.122330159,-5.07745487e-54,-1.26351487e-46,-6.67566225e-54,-8.91882605e-47
0.124129132,5.58186321e-55,-1.93793878e-46,-4.71243506e-54,-1.5472318e-46
0.125928105,1.72859977e-53,-2.24334769e-46,7.72810007e-54,-1.89865935e-46
0.127727078,4.53641133e-53,-2.01617364e-46,3.50529984e-53,-1.87862211e-46
0.129526051,7.10331166e-53,-1.41424247e-46,7.10678739e-53,-2.12824598e-46
0.131325024,5.75936194e-53,-3.53857118e-47,8.73090865e-53,-3.86669818e-46
0.133123996,-5.17485399e-53,3.51447799e-46,2.78286117e-53,-6.98422885e-46
0.134922969,-3.02654978e-52,1.8155708e-45,-1.72595064e-52,-5.44451567e-46
0.136721942,-6.59044725e-52,5.9003636e-45,-5.29666722e-52,1.86574114e-45
0.138520915,-9.0896607e-52,1.42085098e-44,-9.12373265e-52,9.59448325e-45
0.140319888,-6.1261661e-52,2.57613299e-44,-9.5571837e-52,2.52377384e-44
0.142118861,7.9122572e-52,3.17034958e-44,-9.17067363e-53,4.57740295e-44
0.143917834,3.60797814e-51,8.74688789e-45,2.16804248e-51,5.3635918e-44
0.145716807,7.25678426e-51,-8.26950006e-44,5.65360226e-51,7.71087055e-45
0.14751578,9.68587059e-51,-2.83494481e-43,8.87882844e-51,-1.54638465e-43
0.149314753,7.44530752e-51,-5.87968397e-43,8.8874879e-51,-4.85219049e-43
0.151113726,-2.96322884e-51,-8.54803043e-43,2.35429169e-51,-9.41684534e-43
0.152912699,-2.25818587e-50,-6.9922854e-43,-1.18613517e-50,-1.25187792e-42
0.154711672,-4.80731962e-50,5.48970089e-43,-3.018223e-50,-7.79419017e-43
0.156510645,-7.36570924e-50,3.65527773e-42,-4.55651029e-50,1.4620959e-42
0.158309617,-9.90586295e-50,8.84197979e-42,-5.6891073e-50,6.39794628e-42
0.16010859,-1.38228887e-49,1.45725903e-41,-8.54726033e-50,1.38188895e-41
0.161907563,-2.08716889e-49,1.59957748e-41,-1.82432085e-49,2.06028971e-41
0.163706536,-2.66918536e-49,4.02413644e-42,-3.88348592e-49,1.88213755e-41
0.165505509,-6.38631698e-50,-3.29805173e-41,-5.95597632e-49,-4.59877838e-42
0.167304482,1.03088233e-48,-1.02238141e-40,-3.04494851e-49,-6.37822077e-41
0.169103455,4.02069588e-48,-1.92337489e-40,1.5922203e-48,-1.62135731e-40
0.170902428,9.6389634e-48,-2.53511477e-40,6.5994293e-48,-2.71761964e-40
0.172701401,1.65063544e-47,-1.81972326e-40,1.53114475e-47,-3.09336633e-40
0.174500374,1.79225354e-47,1.70994111e-40,2.43752405e-47,-1.25113963e-40
0.176299347,-1.4205476e-48,9.35187376e-40,2.2033144e-47,4.64833754e-40
0.17809832,-6.4712874e-47,2.07654623e-39,-1.50154007e-47,1.56657134e-39
0.179897293,-1.90789722e-46,3.17711897e-39,-1.16817078e-46,2.99637593e-39
0.181696265,-3.61741518e-46,3.22060606e-39,-2.97309333e-46,4.00709325e-39
0.183495238,-4.68457563e-46,5.77096363e-40,-5.04863022e-46,3.1000211e-39
0.185294211,-2.53856035e-46,-6.51060354e-39,-5.51915019e-46,-1.79251208e-39
0.187093184,6.86489506e-46,-1.86306274e-38,-6.34521938e-47,-1.23793838e-38
0.188892157,2.73885116e-45,-3.30324629e-38,1.46358009e-45,-2.80656592e-38
0.19069113,5.81521411e-45,-4.11591013e-38,4.35108729e-45,-4.31899478e-38
0.192490103,8.56313647e-45,-2.74954492e-38,8.05963125e-45,-4.45947087e-38
0.194289076,7.47062849e-45,2.7522067e-38,1.01906189e-44,-1.1971737e-38
0.196088049,-3.39534886e-45,1.37365713e-37,5.64414285e-45,7.55432512e-38
0.197887022,-3.06438504e-44,2.90435404e-37,-1.29405618e-44,2.23458259e-37
0.199685995,-7.60993476e-44,4.25515403e-37,-5.17100773e-44,3.97016554e-37
0.201484968,-1.26703142e-43,4.13616418e-37,-1.07400819e-43,4.95145949e-37
0.203283941,-1.41838671e-43,6.86425037e-38,-1.5455122e-43,3.42147981e-37
0.205082914,-4.6021224e-44,-7.84208019e-37,-1.3288873e-43,-2.7366196e-37
0.206881886,2.5727142e-43,-2.16098861e-36,5.27910626e-44,-1.4843979e-36
0.208680859,8.29302623e-43,-3.70450509e-36,4.99969622e-43,-3.14142263e-36
0.210479832,1.58146929e-42,-4.48025214e-36,1.22106089e-42,-4.57391141e-36
0.212278805,2.11515869e-42,-2.94783881e-36,1.99545871e-42,-4.43842221e-36
0.214077778,1.59023305e-42,2.65600733e-36,2.20110848e-42,-8.82353412e-37
0.215876751,-1.21478504e-42,1.33045557e-35,7.45932782e-43,7.71975515e-36
0.217675724,-7.40890879e-42,2.75186627e-35,-3.68644426e-42,2.13096764e-35
0.219474697,-1.6835118e-41,3.94820752e-35,-1.18166025e-41,3.61713175e-35
0.22127367,-2.6267687e-41,3.80222227e-35,-2.22290512e-41,4.32518726e-35
0.223072643,-2.7548648e-41,8.19086859e-36,-2.93746938e-41,2.83208743e-35
0.224871616,-7.17089831e-42,-6.26638917e-35,-2.21575713e-41,-2.40272809e-35
0.226670589,5.02112884e-41,-1.73438297e-34,1.483569e-41,-1.20953407e-34
0.228469562,1.51577921e-40,-2.94269964e-34,9.46686733e-41,-2.46981901e-34
0.230268534,2.77492635e-40,-3.54347384e-34,2.13709575e-40,-3.49033938e-34
0.232067507,3.59900086e-40,-2.44006655e-34,3.30557523e-40,-3.30538986e-34
0.23386648,2.68074739e-40,1.54529398e-34,3.46051932e-40,-6.86410313e-35
0.235665453,-1.74404973e-40,8.97143498e-34,1.02163117e-40,5.31956211e-34
0.237464426,-1.11207964e-39,1.87280707e-33,-5.73128275e-40,1.44509916e-33
0.239263399,-2.49761602e-39,2.69570335e-33,-1.74759414e-39,2.40903191e-33
0.241062372,-3.86313761e-39,2.66263908e-33,-3.1869164e-39,2.84616689e-33
0.242861345,-4.10911875e-39,8.72669856e-34,-4.12528273e-39,1.90538792e-33
0.244660318,-1.49895317e-39,-3.39891198e-33,-3.14124512e-39,-1.27272744e-33
0.246459291,5.86161638e-39,-1.00496415e-32,1.62476257e-39,-7.00907062e-33
0.248258264,1.87846359e-38,-1.73545193e-32,1.16270493e-38,-1.43210243e-32
0.250057237,3.49419897e-38,-2.13858502e-32,2.62683132e-38,-2.02073614e-32
0.25185621,4.64742039e-38,-1.62339367e-32,4.06519203e-38,-1.94887664e-32
0.253655183,3.86245381e-38,4.30511548e-33,4.36446213e-38,-5.86195364e-33
0.255454155,-8.26946704e-39,4.31666565e-32,1.80906649e-38,2.52879992e-32
0.257253128,-1.10614149e-37,9.4938077e-32,-5.42476785e-38,7.23381817e-32
0.259052101,-2.65391652e-37,1.40909166e-31,-1.80689758e-37,1.22262982e-31
0.260851074,-4.27672673e-37,1.47414e-31,-3.38483442e-37,1.47439609e-31
0.262650047,-4.90143202e-37,7.16546718e-32,-4.53464109e-37,1.08279126e-31
0.26444902,-2.81786139e-37,-1.21347822e-31,-3.89145947e-37,-3.43484243e-32
0.266247993,3.89823105e-37,-4.30292585e-31,3.32149305e-38,-2.9511769e-31
0.268046966,1.62926593e-36,-7.83785823e-31,9.60151858e-37,-6.32210346e-31
0.269845939,3.27253558e-36,-1.01626343e-30,2.36379831e-36,-9.18863227e-31
0.271644912,4.67454444e-36,-8.7692926e-31,3.85004313e-36,-9.38724466e-31
0.273443885,4.57368764e-36,-9.69302316e-32,4.49083657e-36,-4.29676836e-31
0.275242858,1.21757436e-36,1.47110122e-30,2.82446779e-36,8.05295494e-31
0.277041831,-7.02846154e-36,3.6563206e-30,-2.77946058e-36,2.72404876e-30
0.278840803,-2.0437512e-35,5.77765397e-30,-1.32132989e-35,4.8520585e-30
0.280639776,-3.61400133e-35,6.57087123e-30,-2.71672041e-35,6.16430209e-30
0.282438749,-4.63741889e-35,4.38232853e-30,-3.944698e-35,5.1766247e-30
0.284237722,-3.79628934e-35,-2.24487141e-30,-3.99430024e-35,3.79163228e-31
0.286036695,5.24510175e-36,-1.35785588e-29,-1.46683351e-35,-8.93441376e-30
0.287835668,9.52182057e-35,-2.7501613e-29,4.94861907e-35,-2.15651306e-29
0.289634641,2.27227727e-34,-3.86032709e-29,1.55222177e-34,-3.34165814e-29
0.291433614,3.64079362e-34,-3.83083267e-29,2.81393428e-34,-3.72593524e-29
0.293232587,4.23593191e-34,-1.68586901e-29,3.69981563e-34,-2.40266454e-29
0.29503156,2.80875308e-34,3.23695591e-29,3.22262391e-34,1.37782681e-29
0.296830533,-1.99895623e-34,1.06602561e-28,1.6605304e-35,7.66570448e-29
0.298629506,-1.09210663e-33,1.87229472e-28,-6.39909275e-34,1.5194859e-28
0.300428479,-2.29274807e-33,2.36517279e-28,-1.6220355e-33,2.09648361e-28
0.302227452,-3.39506319e-33,2.01846209e-28,-2.67434361e-33,2.04106122e-28
0.304026424,-3.61209581e-33,3.13694643e-29,-3.22199478e-33,8.54993706e-29
0.305825397,-1.85187623e-33,-2.97917237e-28,-2.38323231e-33,-1.77098591e-28
0.30762437,2.94202771e-33,-7.44489365e-28,8.17368808e-34,-5.63945773e-28
0.309423343,1.11133135e-32,-1.17163083e-27,6.95516715e-33,-9.73958374e-28
0.311222316,2.13367504e-32,-1.3418495e-27,1.54387296e-32,-1.2121385e-27
0.313021289,2.96667062e-32,-9.59187491e-28,2.36490949e-32,-1.0160168e-27
0.314820262,2.91609043e-32,2.24699676e-28,2.64022067e-32,-1.38061498e-28
0.316619235,1.08888718e-32,2.24536215e-27,1.63820861e-32,1.51483494e-27
0.318418208,-3.28623854e-32,4.73991853e-27,-1.37286302e-32,3.71228281e-27
0.320217181,-1.02841247e-31,6.81983727e-27,-6.69622307e-32,5.76555533e-27
0.322016154,-1.85330815e-31,7.11168919e-27,-1.35964946e-31,6.52206346e-27
0.323815127,-2.45475556e-31,4.07377091e-27,-1.96810831e-31,4.59065745e-27
0.3256141,-2.26084476e-31,-3.3608486e-27,-2.06207824e-31,-1.14094405e-27
0.327413072,-5.7991059e-32,-1.48899388e-26,-1.0702836e-31,-1.07364519e-26
0.329212045,3.12581153e-31,-2.79529744e-26,1.52849757e-31,-2.23850757e-26
0.331011018,8.78510069e-31,-3.72918991e-26,5.86122595e-31,-3.18888101e-26
0.332809991,1.51606366e-30,-3.55125021e-26,1.12037515e-30,-3.29491483e-26
0.334608964,1.94021929e-30,-1.51093083e-26,1.55587045e-30,-1.87005924e-26
0.336407937,1.7063573e-30,2.79617379e-26,1.55361495e-30,1.53491152e-26
0.33820691,3.01586778e-31,8.97716651e-26,6.89068159e-31,6.7385096e-26
0.340005883,-2.63942457e-30,1.54471683e-25,-1.39602393e-30,1.25552615e-25
0.341804856,-6.99444774e-30,1.93221176e-25,-4.73452686e-30,1.66378306e-25
0.343603829,-1.17574798e-29,1.68566614e-25,-8.70826037e-30,1.57648139e-25
0.345402802,-1.47475831e-29,4.60666466e-26,-1.17701296e-29,6.75324572e-26
0.347201775,-1.26763682e-29,-1.87226816e-25,-1.14077755e-29,-1.1998127e-25
0.349000748,-1.86897355e-30,-5.01346989e-25,-4.59034889e-30,-3.8625047e-25
0.35079972,2.01443091e-29,-8.07085432e-25,1.10974107e-29,-6.62272842e-25
0.352598693,5.22109401e-29,-9.5597527e-25,3.56087501e-29,-8.25700922e-25
0.354397666,8.68326957e-29,-7.6790445e-25,6.42036514e-29,-7.20781404e-25
0.356196639,1.08281038e-28,-9.25721802e-26,8.56550378e-29,-2.07681231e-25
0.357995612,9.32838118e-29,1.10045957e-24,8.22191583e-29,7.61634415e-25
0.359794585,1.62274164e-29,2.62513957e-24,3.29581475e-29,2.05805094e-24
0.361593558,-1.39782389e-28,4.01563724e-24,-7.83254704e-29,3.31344436e-24
0.363392531,-3.66470446e-28,4.54783459e-24,-2.50542762e-28,3.92656049e-24
0.365191504,-6.12172922e-28,3.39274435e-24,-4.50514134e-28,3.17934076e-24
0.366990477,-7.69515555e-28,-7.95894577e-26,-6.01449274e-28,4.84329291e-25
0.36878945,-6.80331223e-28,-5.88294129e-24,-5.83383356e-28,-4.2621507e-24
0.370588423,-1.70306877e-28,-1.2997219e-23,-2.55690309e-28,-1.03108298e-23
0.372387396,8.78240623e-28,-1.91369234e-23,4.90581832e-28,-1.58299259e-23
0.374186369,2.41878078e-27,-2.09307642e-23,1.65104292e-27,-1.8009173e-23
0.375985341,4.12147609e-27,-1.47002262e-23,3.01237231e-27,-1.36676993e-23
0.377784314,5.29121289e-27,2.11949597e-24,4.07806128e-27,-4.21205948e-25
0.379583287,4.89418151e-27,2.91283486e-23,4.06985591e-27,2.17485442e-23
0.38138226,1.77151673e-27,6.12164733e-23,2.06776706e-27,4.89563998e-23
0.383181233,-4.90644852e-27,8.77556277e-23,-2.66343948e-27,7.2604019e-23
0.384980206,-1.49630121e-26,9.36728859e-23,-1.01636969e-26,8.01123456e-23
0.386779179,-2.64539142e-26,6.3129335e-23,-1.91757852e-26,5.78490472e-23
0.388578152,-3.51150606e-26,-1.41483599e-23,-2.66644596e-26,-3.64293576e-24
0.390377125,-3.44525531e-26,-1.34948413e-22,-2.77843398e-26,-1.02939404e-22
0.392176098,-1.69582961e-26,-2.75471181e-22,-1.66779786e-26,-2.21520453e-22
0.393975071,2.32020518e-26,-3.88579179e-22,1.15972055e-26,-3.21015176e-22
0.395774044,8.60895307e-26,-4.09248852e-22,5.80030389e-26,-3.47208148e-22
0.397573017,1.61245587e-25,-2.70941762e-22,1.15828262e-25,-2.43239195e-22
0.399371989,2.2397328e-25,6.73504397e-23,1.67580703e-25,2.80008655e-23
0.401170962,2.35178219e-25,5.88271619e-22,1.84364648e-25,4.5616122e-22
0.402969935,1.47675587e-25,1.18772186e-21,1.30001915e-25,9.58856642e-22
0.404768908,-7.87863671e-26,1.66544173e-21,-2.82396215e-26,1.37240134e-21
0.406567881,-4.53722235e-25,1.74981297e-21,-3.01994898e-25,1.47085705e-21
0.408366854,-9.2717056e-25,1.16698259e-21,-6.59800964e-25,1.02230123e-21
0.410165827,-1.36506793e-24,-2.47921723e-22,-1.00727172e-24,-1.18975982e-22
0.4119648,-1.5429422e-24,-2.41833401e-21,-1.18002817e-24,-1.9012371e-21
0.413763773,-1.17492179e-24,-4.91427075e-21,-9.62392873e-25,-3.97959293e-21
0.415562746,7.54405671e-27,-6.91842924e-21,-1.43354692e-25,-5.68407378e-21
0.417361719,2.12376852e-24,-7.32952005e-21,1.3864106e-24,-6.10151206e-21
0.419160692,4.97589777e-24,-5.04044018e-21,3.50787294e-24,-4.30369186e-21
0.420959665,7.89085525e-24,6.20131466e-22,5.75032454e-24,2.86536019e-22
0.422758638,9.64830292e-24,9.36636121e-21,7.22769642e-24,7.45994231e-21
0.42455761,8.59065889e-24,1.95171863e-20,6.70701121e-24,1.58519923e-20
0.426356583,3.00456961e-24,2.78634836e-20,2.87836008e-24,2.28257114e-20
0.428155556,-8.18656266e-24,3.00658184e-20,-5.1394066e-24,2.47951948e-20
0.429954529,-2.44826519e-23,2.17239704e-20,-1.70986886e-23,1.81086748e-20
0.431753502,-4.2835074e-23,7.28527424e-23,-3.08833913e-23,4.54193141e-22
0.433552475,-5.70298531e-23,-3.40121693e-20,-4.20138166e-23,-2.74761142e-20
0.435351448,-5.79462167e-23,-7.43138389e-20,-4.37844272e-23,-6.05744674e-20
0.437150421,-3.52229918e-23,-1.08707062e-19,-2.8438425e-23,-8.88512964e-20
0.438949394,1.93353744e-23,-1.20573077e-19,1.03586863e-23,-9.86157172e-20
0.440748367,1.06763193e-22,-9.27304243e-20,7.3836355e-23,-7.57434009e-20
0.44254734,2.15261783e-22,-1.37377617e-20,1.53881847e-22,-1.09006118e-20
0.444346313,3.1569559e-22,1.14567957e-19,2.2959862e-22,9.42343861e-20
0.446145286,3.60935159e-22,2.70519033e-19,2.66641501e-22,2.21610135e-19
0.447944258,2.92059295e-22,4.10082493e-19,2.21575645e-22,3.34819904e-19
0.449743231,5.37763875e-23,4.71459386e-19,5.30445317e-23,3.83062858e-19
0.451542204,-3.80633611e-22,3.88877129e-19,-2.59972845e-22,3.12702064e-19
0.453341177,-9.7816511e-22,1.15242799e-19,-6.9519617e-22,8.60559872e-20
0.45514015,-1.61681666e-21,-3.50189782e-19,-1.16529223e-21,-2.95870835e-19
0.456939123,-2.0711696e-21,-9.36882279e-19,-1.50687319e-21,-7.73219505e-19
0.458738096,-2.02886183e-21,-1.49155675e-18,-1.49207732e-21,-1.21858814e-18
0.460537069,-1.15287059e-21,-1.79152141e-18,-8.73748504e-22,-1.44905132e-18
0.462336042,8.03231392e-22,-1.59069354e-18,5.30475631e-22,-1.265134e-18
0.464135015,3.83567958e-21,-6.98189788e-19,2.72149834e-21,-5.16154789e-19
0.465933988,7.5183191e-21,9.22737142e-19,5.39285746e-21,8.18729558e-19
0.467732961,1.08759021e-20,3.06134714e-18,7.83825054e-21,2.55567689e-18
0.469531934,1.23826164e-20,5.20868059e-18,8.95090833e-21,4.26820991e-18
0.471330907,1.01710847e-20,6.58960346e-18,7.37696168e-21,5.31878755e-18
0.473129879,2.51371406e-21,6.30782902e-18,1.8673397e-21,4.98344825e-18
0.474928852,-1.14240239e-20,3.60822856e-18,-8.17345551e-21,2.67089571e-18
0.476727825,-3.06619553e-20,-1.77952836e-18,-2.20192273e-20,-1.79624901e-18
0.478526798,-5.15505877e-20,-9.29911708e-18,-3.70083122e-20,-7.90880953e-18
0.480325771,-6.73485841e-20,-1.73510097e-17,-4.82512663e-20,-1.43096017e-17
0.482124744,-6.86752724e-20,-2.33406495e-17,-4.89810589e-20,-1.88560894e-17
0.483923717,-4.52450202e-20,-2.41045802e-17,-3.1835898e-20,-1.89949076e-17
0.48572269,1.09194542e-20,-1.67485822e-17,8.79364988e-21,-1.24672734e-17
0.487521663,1.01014733e-19,1.97597777e-19,7.35301252e-20,1.74432302e-18
0.489320636,2.14548376e-19,2.55622486e-17,1.54504317e-19,2.24466282e-17
0.491119609,3.25505068e-19,5.46479153e-17,2.32690975e-19,4.557482e-17
0.492918582,3.91673038e-19,7.91525316e-17,2.77597212e-19,6.42215805e-17
0.494717555,3.59401999e-19,8.83093186e-17,2.50921039e-19,6.96763513e-17
0.496516527,1.75549309e-19,7.1431281e-17,1.15384731e-19,5.35931992e-17
0.4983155,-1.93094904e-19,2.16463511e-17,-1.51155888e-19,1.10677463e-17
0.500114473,-7.35097332e-19,-5.99034596e-17,-5.38051495e-19,-5.60157353e-17
0.501913446,-1.36983036e-18,-1.60626149e-16,-9.84716963e-19,-1.36398559e-16
0.503712419,-1.93186574e-18,-2.55344765e-16,-1.37042105e-18,-2.08872214e-16
0.505511392,-2.17541179e-18,-3.08927552e-16,-1.51894541e-18,-2.4484952e-16
0.507310365,-1.80974325e-18,-2.83539603e-16,-1.22571619e-18,-2.14663545e-16
0.509109338,-5.72518597e-19,-1.50194773e-16,-3.11813631e-19,-9.71679255e-17
0.510908311,1.66103423e-18,9.73185328e-17,1.29740708e-18,1.09108157e-16
0.512707284,4.74870764e-18,4.29745644e-16,3.48127066e-18,3.76321265e-16
0.514506257,8.16380624e-18,7.75740415e-16,5.84418584e-18,6.43142325e-16
0.51630523,1.09370825e-17,1.02629016e-15,7.68186573e-18,8.19943985e-16
0.518104203,1.17141311e-17,1.05372427e-15,8.03274082e-18,8.05841506e-16
0.519903175,8.97881072e-18,7.45564099e-16,5.84852832e-18,5.17226758e-16
0.521702148,1.46752501e-18,4.86569579e-17,2.97799087e-19,-7.65644556e-17
0.523501121,-1.12501073e-17,-9.86394848e-16,-8.82027448e-18,-9.1912128e-16
0.525300094,-2.81188619e-17,-2.17501865e-15,-2.06253352e-17,-1.8463543e-15
0.527099067,-4.60483983e-17,-3.19890081e-15,-3.27973513e-17,-2.59221463e-15
0.52889804,-5.97101124e-17,-3.65003852e-15,-4.14842379e-17,-2.83046214e-15
0.530697013,-6.19526318e-17,-3.12352502e-15,-4.16632579e-17,-2.25461283e-15
0.532495986,-4.50644483e-17,-1.35025351e-15,-2.81035883e-17,-6.86624696e-16
0.534294959,-2.96855259e-18,1.65604278e-15,3.03435351e-18,1.80857403e-15
0.536093932,6.58198763e-17,5.47866561e-15,5.2114675e-17,4.83736468e-15
0.537892905,1.54986274e-16,9.25503746e-15,1.13853802e-16,7.66069261e-15
0.539691878,2.47849503e-16,1.17580107e-14,1.75713251e-16,9.28133131e-15
0.541490851,3.16628952e-16,1.1628685e-14,2.17701145e-16,8.65160938e-15
0.543289824,3.24836856e-16,7.75128559e-15,2.14454322e-16,4.98638948e-15
0.545088796,2.33828478e-16,-2.88453979e-16,1.40238998e-16,-1.87393935e-15
0.546887769,1.38136614e-17,-1.17709695e-14,-2.30591332e-17,-1.11447603e-14
0.548686742,-3.41598541e-16,-2.45837424e-14,-2.75789329e-16,-2.09423998e-14
0.550485715,-7.99877693e-16,-3.52892854e-14,-5.90213046e-16,-2.84105882e-14
0.552284688,-1.27736176e-15,-3.96354484e-14,-9.03139591e-16,-3.02055286e-14
0.554083661,-1.63601159e-15,-3.35327219e-14,-1.11547337e-15,-2.33361204e-14
0.555882634,-1.69515415e-15,-1.43881549e-14,-1.10266716e-15,-6.24337286e-15
0.557681607,-1.2629669e-15,1.74700214e-14,-7.38908777e-16,2.01187595e-14
0.55948058,-1.89041619e-16,5.7678979e-14,6.4797923e-17,5.15357403e-14
0.561279553,1.56630614e-15,9.75077411e-14,1.31265317e-15,8.04845381e-14
0.563078526,3.85774476e-15,1.24721627e-13,2.87535636e-15,9.70833422e-14
0.564877499,6.29530551e-15,1.25864268e-13,4.45503114e-15,9.11492323e-14
0.566676472,8.22533153e-15,8.98326368e-14,5.58176567e-15,5.51786032e-14
0.568475444,8.77976925e-15,1.21787324e-14,5.65993274e-15,-1.22899469e-14
0.570274417,7.01622684e-15,-1.00872066e-13,4.07732583e-15,-1.0379998e-13
0.57207339,2.15644771e-15,-2.30007869e-13,3.78461074e-16,-2.01652218e-13
0.573872363,-6.0939497e-15,-3.4337992e-13,-5.51481139e-15,-2.79140574e-13
0.575671336,-1.71944147e-14,-4.01115062e-13,-1.30750088e-14,-3.04981501e-13
0.577470309,-2.94724859e-14,-3.6399726e-13,-2.09956939e-14,-2.50855661e-13
0.579269282,-3.9995537e-14,-2.05364586e-13,-2.71525821e-14,-1.01018971e-13
0.581068255,-4.47374046e-14,7.60520689e-14,-2.87810464e-14,1.38076874e-13
0.582867228,-3.91475112e-14,4.45773087e-13,-2.29322802e-14,4.31004716e-13
0.584666201,-1.91715146e-14,8.29700927e-13,-7.22284996e-15,7.12518193e-13
0.586465174,1.73298063e-14,1.12036667e-12,1.91834699e-14,8.9516334e-13
0.588264147,6.89560935e-14,1.19534804e-12,5.45196151e-14,8.86334612e-13
0.59006312,1.29286156e-13,9.47158502e-13,9.35442552e-14,6.13376745e-13
0.591862093,1.86026619e-13,3.20332585e-13,1.27194911e-13,5.24717522e-14
0.593661065,2.21349912e-13,-6.52227578e-13,1.43129345e-13,-7.45626938e-13
0.595460038,2.13936478e-13,-1.82430564e-12,1.27456514e-13,-1.64160202e-12
0.597259011,1.43028876e-13,-2.93416089e-12,6.77816643e-14,-2.41368958e-12
0.599057984,-5.58774066e-15,-3.63408951e-12,-4.26074379e-14,-2.78957589e-12
0.600856957,-2.32327973e-13,-3.55510729e-12,-1.99982313e-13,-2.50445909e-12
0.60265593,-5.16586155e-13,-2.40144555e-12,-3.85848202e-13,-1.37838204e-12
0.604454903,-8.11508274e-13,-5.93138565e-14,-5.64432338e-13,6.01965388e-13
0.606253876,-1.04314169e-12,3.30511397e-12,-6.83556897e-13,3.2182957e-12
0.608052849,-1.11635963e-12,7.18937597e-12,-6.8033123e-13,5.99675786e-12
0.609851822,-9.29345542e-13,1.07702388e-11,-4.92518277e-13,8.24612025e-12
0.611650795,-3.97052992e-13,1.30119194e-11,-7.53507075e-14,9.16936208e-12
0.613449768,5.18072711e-13,1.28695856e-11,5.77958865e-13,8.04347932e-12
0.615248741,1.77252268e-12,9.56542588e-12,1.41556613e-12,4.44165265e-12
0.617047713,3.21255624e-12,2.88689002e-12,2.31147787e-12,-1.54864535e-12
0.618846686,4.55902391e-12,-6.56662179e-12,3.06162209e-12,-9.17280219e-12
0.620645659,5.41677377e-12,-1.72734426e-11,3.39804029e-12,-1.69856507e-11
0.622444632,5.31804918e-12,-2.68922603e-11,3.02620659e-12,-2.30080739e-11
0.624243605,3.80521401e-12,-3.26223723e-11,1.6869923e-12,-2.5082256e-11
0.626042578,5.50878745e-13,-3.18114801e-11,-7.60658852e-13,-2.13964574e-11
0.627841551,-4.49660576e-12,-2.27303112e-11,-4.2472301e-12,-1.10943419e-11
0.629640524,-1.09660845e-11,-5.36048436e-12,-8.40859727e-12,5.16770611e-12
0.631439497,-1.79500789e-11,1.80144846e-11,-1.25350123e-11,2.48839994e-11
0.63323847,-2.39678841e-11,4.26450659e-11,-1.55807521e-11,4.37502873e-11
0.635037443,-2.70495887e-11,6.17747269e-11,-1.62598934e-11,5.62215036e-11
0.636836416,-2.49766025e-11,6.78222682e-11,-1.3244437e-11,5.66025369e-11
0.638635389,-1.56933496e-11,5.42342509e-11,-5.46388538e-12,4.05672342e-11
0.640434362,2.12874769e-12,1.77646309e-11,7.51898033e-12,6.85518348e-12
0.642233334,2.84376265e-11,-3.92502943e-11,2.51103427e-11,-4.12317564e-11
0.644032307,6.11682076e-11,-1.07193947e-10,4.53486383e-11,-9.49824063e-11
0.64583128,9.57859375e-11,-1.68662687e-10,6.47338837e-11,-1.40507372e-10
0.647630253,1.25188244e-10,-1.99667433e-10,7.83352567e-11,-1.60342167e-10
0.649429226,1.40143848e-10,-1.72808121e-10,8.02739271e-11,-1.36466961e-10
0.651228199,1.30406689e-10,-6.22933311e-11,6.46346256e-11,-5.44525679e-11
0.653027172,8.65493703e-11,1.49798025e-10,2.67858004e-11,9.19199391e-11
0.654826145,2.4207541e-12,4.67082361e-10,-3.50114974e-11,2.96525879e-10
0.656625118,-1.22045712e-10,8.73674695e-10,-1.17940278e-10,5.38370332e-10
0.658424091,-2.78139033e-10,1.33173739e-09,-2.132542e-10,7.81721319e-10
0.660223064,-4.4643103e-10,1.78304563e-09,-3.05618708e-10,9.79613238e-10
0.662022037,-5.96334106e-10,2.15523641e-09,-3.73612731e-10,1.08082062e-09
0.66382101,-6.87891777e-10,2.37248253e-09,-3.91771579e-10,1.03959994e-09
0.665619982,-6.76369323e-10,2.36922663e-09,-3.34379144e-10,8.2664685e-10
0.667418955,-5.19855068e-10,2.10454448e-09,-1.8093162e-10,4.39013751e-10
0.669217928,-1.89533731e-10,1.57395759e-09,7.71899426e-11,-9.36093417e-11
0.671016901,3.18415103e-10,8.15355882e-10,4.29745507e-10,-7.08643697e-10
0.672815874,9.71132736e-10,-9.36671898e-11,8.41706845e-10,-1.31794234e-09
0.674614847,1.69020905e-09,-1.04824849e-09,1.2500665e-09,-1.82274977e-09
0.67641382,2.34879076e-09,-1.93736047e-09,1.56523296e-09,-2.13445377e-09
0.678212793,2.77805051e-09,-2.66977541e-09,1.67872537e-09,-2.19726234e-09
0.680011766,2.78608395e-09,-3.1984458e-09,1.47838084e-09,-2.00726736e-09
0.681810739,2.19133728e-09,-3.53496259e-09,8.7138688e-10,-1.62152689e-09
0.683609712,8.70995887e-10,-3.74525548e-09,-1.85821984e-10,-1.15124441e-09
0.685408685,-1.17756414e-09,-3.91913648e-09,-1.6533097e-09,-7.35101749e-10
0.687207658,-3.76697129e-09,-4.10991138e-09,-3.37316833e-09,-4.9229415e-10
0.689006631,-6.44939735e-09,-4.24594212e-09,-5.04045042e-09,-4.59456901e-10
0.690805603,-8.45587193e-09,-4.02310461e-09,-6.18614228e-09,-5.20756087e-10
0.692604576,-8.65778635e-09,-2.79446441e-09,-6.17907664e-09,-3.44957603e-10
0.694403549,-5.56370283e-09,5.2024437e-10,-4.25292051e-09,6.53821028e-10
0.696202522,2.63645098e-09,7.47915836e-09,4.37572438e-10,3.31476357e-09
0.698001495,1.79708054e-08,2.00911382e-08,8.7300011e-09,8.67469227e-09
0.699800468,4.25247934e-08,4.06966942e-08,2.13405689e-08,1.78511476e-08
0.701599441,7.82235043e-08,7.17473638e-08,3.87310701e-08,3.18671401e-08
0.703398414,1.26568824e-07,1.1548892e-07,6.09693883e-08,5.14322495e-08
0.705197387,1.88351842e-07,1.73571426e-07,8.7600474e-08,7.6706531e-08
0.70699636,2.63369064e-07,2.46626816e-07,1.17547507e-07,1.07083288e-07
0.708795333,3.5017698e-07,3.33869346e-07,1.490635e-07,1.41031967e-07
0.710594306,4.45922257e-07,4.32782735e-07,1.79751413e-07,1.76041379e-07
0.712393279,5.46283252e-07,5.38957658e-07,2.06665671e-07,2.08695233e-07
0.714192251,6.45551965e-07,6.46132961e-07,2.26499951e-07,2.34896663e-07
0.715991224,7.36874119e-07,7.46473565e-07,2.35855822e-07,2.50237653e-07
0.717790197,8.12649317e-07,8.31089439e-07,2.31575382e-07,2.50485637e-07
0.71958917,8.65074608e-07,8.90766534e-07,2.11109741e-07,2.32136775e-07
0.721388143,8.86795372e-07,9.16847004e-07,1.7288582e-07,1.9296739e-07
0.723187116,8.71609569e-07,9.02167533e-07,1.16627953e-07,1.32505601e-07
0.724986089,8.15157687e-07,8.41946236e-07,4.35896415e-08,5.23467771e-08
0.726785062,7.15523563e-07,7.34504259e-07,-4.33445835e-08,-4.37497374e-08
0.728584035,5.73672347e-07,5.81719721e-07,-1.39716773e-07,-1.50020174e-07
0.730383008,3.93662117e-07,3.89138704e-07,-2.39726479e-07,-2.5911644e-07
0.732181981,1.82584758e-07,1.65707579e-07,-3.36629292e-07,-3.62754153e-07
0.733980954,-4.97819178e-08,-7.68621657e-08,-4.23276202e-07,-4.52521108e-07
0.735779927,-2.91597785e-07,-3.25037747e-07,-4.92747024e-07,-5.2075153e-07
0.737578899,-5.29814677e-07,-5.64617422e-07,-5.39015091e-07,-5.61356915e-07
0.739377872,-7.51187185e-07,-7.81962599e-07,-5.57570972e-07,-5.70505227e-07
0.741176845,-9.43343716e-07,-9.65169613e-07,-5.45931937e-07,-5.47057422e-07
0.742975818,-1.09580981e-06,-1.10504893e-06,-5.03972233e-07,-4.92701448e-07
0.744774791,-1.20087634e-06,-1.19580552e-06,-4.34026551e-07,-4.11764712e-07
0.746573764,-1.25421899e-06,-1.23535426e-06,-3.40743704e-07,-3.10730088e-07
0.748372737,-1.25520123e-06,-1.22525265e-06,-2.30696624e-07,-1.975211e-07
0.75017171,-1.20682752e-06,-1.1702818e-06,-1.11784704e-07,-8.06524896e-08
0.751970683,-1.11535354e-06,-1.07774933e-06,7.50886499e-09,3.16418533e-08
0.753769656,-9.89599525e-07,-9.56616829e-07,1.18922523e-07,1.32192906e-07
0.755568629,-8.40046766e-07,-8.1656851e-07,2.15192782e-07,2.15499526e-07
0.757367602,-6.77821942e-07,-6.67132568e-07,2.90712204e-07,2.78088421e-07
0.759166575,-5.13684237e-07,-5.16947725e-07,3.41993525e-07,3.18607533e-07
0.760965548,-3.57126599e-07,-3.73236316e-07,3.67888843e-07,3.37668827e-07
0.76276452,-2.15684214e-07,-2.41509411e-07,3.69544075e-07,3.37490449e-07
0.764563493,-9.45135546e-08,-1.25494608e-07,3.50102907e-07,3.21411525e-07
0.766362466,3.73166258e-09,-2.72488044e-08,3.14206338e-07,2.93362264e-07
0.768161439,7.87402594e-08,5.25995987e-08,2.67359172e-07,2.5736728e-07
0.769960412,1.32147217e-07,1.14540581e-07,2.15249758e-07,2.1714317e-07
0.771759385,1.66976149e-07,1.59860839e-07,1.63111836e-07,1.75826691e-07
0.773558358,1.87010506e-07,1.90353394e-07,1.15207298e-07,1.35842575e-07
0.775357331,1.96184589e-07,2.08083442e-07,7.44876975e-08,9.88954179e-08
0.777156304,1.98073382e-07,2.15217385e-07,4.2463861e-08,6.60524515e-08
0.778955277,1.95537539e-07,2.13907616e-07,1.92814225e-08,3.78757231e-08
0.78075425,1.90550578e-07,2.06217074e-07,3.97049814e-09,1.45636188e-08
0.782553223,1.8420447e-07,1.9406566e-07,-5.18547318e-09,-3.92903114e-09
0.784352196,1.76862315e-07,1.79184319e-07,-1.02300647e-08,-1.78089807e-08
0.786151168,1.68406982e-07,1.63069785e-07,-1.31335525e-08,-2.74025553e-08
0.787950141,1.58525034e-07,1.46940999e-07,-1.5472688e-08,-3.31432415e-08
0.789749114,1.46966932e-07,1.31704429e-07,-1.82326251e-08,-3.55715968e-08
0.791548087,1.33736234e-07,1.17938291e-07,-2.17488125e-08,-3.53295091e-08
0.79334706,1.19179461e-07,1.0590422e-07,-2.57811661e-08,-3.31357548e-08
0.795146033,1.03970662e-07,9.55900337e-08,-2.96905699e-08,-2.97383394e-08
0.796945006,8.90060414e-08,8.67803313e-08,-3.26723845e-08,-2.5848534e-08
0.798743979,7.52406258e-08,7.91449049e-08,-3.39955034e-08,-2.20691026e-08
0.800542952,6.3507912e-08,7.23302505e-08,-3.31991504e-08,-1.88328926e-08
0.802341925,5.43637151e-08,6.60382259e-08,-3.02118136e-08,-1.6366836e-08
0.804140898,4.79874593e-08,6.00785193e-08,-2.53747347e-08,-1.46909282e-08
0.805939871,4.41600557e-08,5.43874165e-08,-1.93724995e-08,-1.36534844e-08
0.807738844,4.23204247e-08,4.90129291e-08,-1.30915914e-08,-1.29952178e-08
0.809537817,4.16862251e-08,4.40737505e-08,-7.44085444e-09,-1.24277559e-08
0.811336789,4.14117171e-08,3.97049029e-08,-3.17341505e-09,-1.17089384e-08
0.813135762,4.07492686e-08,3.60050501e-08,-7.47022409e-10,-1.06983982e-08
0.814934735,3.91817988e-08,3.29988448e-08,-2.49900665e-10,-9.38216399e-09
0.816733708,3.65009369e-08,3.06228967e-08,-1.40438068e-09,-7.86290949e-09
0.818532681,3.28180094e-08,2.87373092e-08,-3.64399735e-09,-6.32094756e-09
0.820331654,2.85093971e-08,2.71579929e-08,-6.24482735e-09,-4.95795829e-09
0.822130627,2.41112539e-08,2.56998349e-08,-8.48155879e-09,-3.93905401e-09
0.8239296,2.01883007e-08,2.42185227e-08,-9.77503297e-09,-3.34830751e-09
0.825728573,1.72055427e-08,2.26398487e-08,-9.80128069e-09,-3.16857435e-09
0.827527546,1.54296713e-08,2.09692361e-08,-8.54143097e-09,-3.28956864e-09
0.829326519,1.48793028e-08,1.92798717e-08,-6.26511867e-09,-3.540573e-09
0.831125492,1.53319137e-08,1.7683653e-08,-3.45425056e-09,-3.73786754e-09
0.832924465,1.63828786e-08,1.62935963e-08,-6.86192114e-10,-3.73353791e-09
0.834723437,1.75411134e-08,1.51882918e-08,1.49687609e-09,-3.45255318e-09
0.83652241,1.83387162e-08,1.43880052e-08,2.70396556e-09,-2.90868999e-09
0.838321383,1.84300666e-08,1.38484857e-08,2.77257768e-09,-2.19591773e-09
0.840120356,1.76592836e-08,1.34734935e-08,1.79256646e-09,-1.45856328e-09
0.841919329,1.60828146e-08,1.31419069e-08,7.39648642e-11,-8.49137443e-10
0.843718302,1.39443352e-08,1.27414158e-08,-1.93162537e-09,-4.856836e-10
0.845517275,1.160973e-08,1.21992404e-08,-3.73683192e-09,-4.20195648e-10
0.847316248,9.47837152e-09,1.1501397e-08,-4.92715084e-09,-6.26241692e-10
0.849115221,7.89144029e-09,1.06953804e-08,-5.24847558e-09,-1.00844282e-09
0.850914194,7.05779482e-09,9.87578142e-09,-4.65518188e-09,-1.43043962e-09
0.852713167,7.01312075e-09,9.15700685e-09,-3.30986085e-09,-1.75307607e-09
0.85451214,7.62000057e-09,8.6406602e-09,-1.53682954e-09,-1.87203353e-09
0.856311113,8.6070638e-09,8.38639729e-09,2.58291151e-10,-1.7446607e-09
0.858110086,9.63667261e-09,8.39392085e-09,1.68357718e-09,-1.39903535e-09
0.859909058,1.03845945e-08,8.60060661e-09,2.44852398e-09,-9.23381639e-10
0.861708031,1.06130655e-08,8.89499044e-09,2.42510186e-09,-4.39407969e-10
0.863507004,1.02208832e-08,9.14218112e-09,1.66948018e-09,-6.74266114e-11
0.865305977,9.26003248e-09,9.21432205e-09,4.01093727e-10,1.06877073e-10
0.86710495,7.91638947e-09,9.0182574e-09,-1.0545104e-09,5.49262842e-11
0.868903923,6.46036128e-09,8.5137439e-09,-2.34463237e-09,-1.88861986e-10
0.870702896,5.17999901e-09,7.71846766e-09,-3.17133878e-09,-5.38865781e-10
0.872501869,4.31269054e-09,6.69988904e-09,-3.35749916e-09,-8.83871638e-10
0.874300842,3.99128074e-09,5.55745661e-09,-2.88240367e-09,-1.11894643e-09
0.876099815,4.2165639e-09,4.40102123e-09,-1.87991853e-09,-1.17449211e-09
0.877898788,4.86156354e-09,3.33174408e-09,-6.01001446e-10,-1.03446547e-09
0.879697761,5.70545411e-09,2.43037009e-09,6.49441214e-10,-7.39006523e-10
0.881496734,6.48817281e-09,1.75492186e-09,1.58578012e-09,-3.71216759e-10
0.883295706,6.9722775e-09,1.34654258e-09,2.00758721e-09,-3.22742672e-11
0.885094679,6.99740164e-09,1.23939938e-09,1.84315795e-09,1.87775778e-10
0.886893652,6.5149165e-09,1.46910969e-09,1.16125979e-09,2.35208923e-10
0.888692625,5.59549465e-09,2.07452479e-09,1.49473741e-10,1.0680521e-10
0.890491598,4.40889206e-09,3.08981567e-09,-9.34619301e-10,-1.5066097e-10
0.892290571,3.18181709e-09,4.52706701e-09,-1.82697798e-09,-4.55069449e-10
0.894089544,2.14468626e-09,6.35306559e-09,-2.31986694e-09,-7.13208028e-10
0.895888517,1.48025728e-09,8.46666174e-09,-2.30902878e-09,-8.47504742e-10
0.89768749,1.28614402e-09,1.06841836e-08,-1.81460014e-09,-8.17601825e-10
0.899486463,1.55938747e-09,1.27395138e-08,-9.71674777e-10,-6.3080085e-10
0.901285436,2.20558886e-09,1.43027456e-08,6.23696565e-12,-3.38725131e-10
0.903084409,3.06902471e-09,1.50174441e-08,8.81241933e-10,-2.15302012e-11
0.904883382,3.97514705e-09,1.4552387e-08,1.44909407e-09,2.35503568e-10
0.906682355,4.77411523e-09,1.26602167e-08,1.58717461e-09,3.66126069e-10
0.908481327,5.37412809e-09,9.23349798e-09,1.28120932e-09,3.41126232e-10
0.9102803,5.75623164e-09,4.34859781e-09,6.24956152e-10,1.75246689e-10
0.912079273,5.96720104e-09,-1.71048672e-09,-2.06219326e-10,-7.86313591e-11
0.913878246,6.09279384e-09,-8.45324257e-09,-1.00068405e-09,-3.4597245e-10
0.915677219,6.21873822e-09,-1.52100714e-08,-1.563228e-09,-5.52669344e-10
0.917476192,6.39002699e-09,-2.11841177e-08,-1.76208995e-09,-6.46178068e-10
0.919275165,6.57968079e-09,-2.552307e-08,-1.55905083e-09,-6.09610933e-10
0.921074138,6.67601179e-09,-2.74050208e-08,-1.0157674e-09,-4.64896893e-10
0.922873111,6.49310903e-09,-2.61318615e-08,-2.75504424e-10,-2.64400382e-10
0.924672084,5.80383604e-09,-2.12235734e-08,4.74542831e-10,-7.37761942e-11
0.926471057,4.38938016e-09,-1.25066653e-08,1.05053867e-09,4.86557286e-11
0.92827003,2.09554237e-09,-1.8955096e-10,1.31702725e-09,6.98172231e-11
0.930069003,-1.11564253e-09,1.50832216e-08,1.21868642e-09,-8.22406863e-12
0.931867975,-5.12942839e-09,3.22069802e-08,7.91385963e-10,-1.4919498e-10
0.933666948,-9.66435187e-09,4.96327952e-08,1.50427667e-10,-2.94009234e-10
0.935465921,-1.42835212e-08,6.54320985e-08,-5.40459809e-10,-3.79152594e-10
0.937264894,-1.84292789e-08,7.74163106e-08,-1.11113062e-09,-3.5659247e-10
0.939063867,-2.14754591e-08,8.33128214e-08,-1.42728765e-09,-2.09360769e-10
0.94086284,-2.27893142e-08,8.09916413e-08,-1.42248046e-09,4.17154397e-11
0.942661813,-2.17950928e-08,6.87286181e-08,-1.11214938e-09,3.42044746e-10
0.944460786,-1.80329879e-08,4.5482506e-08,-5.86715479e-10,6.16853739e-10
0.946259759,-1.12100269e-08,1.11558551e-08,1.39597492e-11,7.90406891e-10
0.948058732,-1.24246103e-09,-3.31948467e-08,5.37804946e-10,8.05437956e-10
0.949857705,1.17086959e-08,-8.52349378e-08,8.59750425e-10,6.37456578e-10
0.951656678,2.720685e-08,-1.41344389e-07,9.12944442e-10,3.00215816e-10
0.953455651,4.45130194e-08,-1.96750168e-07,7.04247305e-10,-1.58736068e-10
0.955254623,6.25653391e-08,-2.45808066e-07,3.10423314e-10,-6.7064407e-10
0.957053596,7.99709944e-08,-2.82428531e-07,-1.43588659e-10,-1.16227484e-09
0.958852569,9.5020196e-08,-3.00624308e-07,-5.18438248e-10,-1.57182149e-09
0.960651542,1.05733823e-07,-2.95141404e-07,-6.97347685e-10,-1.85956402e-09
0.962450515,1.09955956e-07,-2.62120509e-07,-6.16867639e-10,-2.01070652e-09
0.964249488,1.05499247e-07,-1.99725121e-07,-2.83720396e-10,-2.03036526e-09
0.966048461,9.03450481e-08,-1.08666451e-07,2.26285272e-10,-1.9331592e-09
0.967847434,6.28921639e-08,7.44519025e-09,7.86680943e-10,-1.73150599e-09
0.969646407,2.22391671e-08,1.41986689e-07,1.25117235e-09,-1.42705864e-09
0.97144538,-3.15232784e-08,2.85497044e-07,1.48894965e-09,-1.00863728e-09
0.973244353,-9.70403616e-08,4.26171599e-07,1.41563058e-09,-4.57849014e-10
0.975043326,-1.71475633e-07,5.50679425e-07,1.01234584e-09,2.38997932e-10
0.976842299,-2.50383147e-07,6.45275464e-07,3.2869484e-10,1.07630393e-09
0.978641272,-3.27701758e-07,6.97143517e-07,-5.30483982e-10,2.01670736e-09
0.980440244,-3.9589861e-07,6.95870248e-07,-1.43047809e-09,2.98528434e-09
0.982239217,-4.46280956e-07,6.34917835e-07,-2.23720863e-09,3.87334555e-09
0.98403819,-4.69485757e-07,5.12937913e-07,-2.84484472e-09,4.55221013e-09
0.985837163,-4.56145536e-07,3.34756435e-07,-3.19357027e-09,4.89459898e-09
0.987636136,-3.97716992e-07,1.11861718e-07,-3.27343396e-09,4.79914825e-09
0.989435109,-2.87445982e-07,-1.37750965e-07,-3.11411216e-09,4.2126035e-09
0.991234082,-1.21428791e-07,-3.90484386e-07,-2.76429189e-09,3.14475781e-09
0.993033055,1.00284717e-07,-6.18841222e-07,-2.26721888e-09,1.67295337e-09
0.994832028,3.72614959e-07,-7.9389613e-07,-1.64001999e-09,-6.45757811e-11
0.996631001,6.84486013e-07,-8.88427817e-07,-8.63434159e-10,-1.88481208e-09
0.998429974,1.01806238e-06,-8.80514734e-07,1.14161148e-10,-3.58208296e-09
1.00022895,1.34829017e-06,-7.57317629e-07,1.35833715e-09,-4.95217588e-09
1.00202792,1.64284465e-06,-5.1870603e-07,2.91958001e-09,-5.81496335e-09
1.00382689,1.862579e-06,-1.80342338e-07,4.80032319e-09,-6.03344947e-09
1.00562587,1.9625522e-06,2.24176426e-07,6.92597897e-09,-5.52880404e-09
1.00742484,1.89368718e-06,6.42497457e-07,9.12717358e-09,-4.29226184e-09
1.00922381,1.6050731e-06,1.0043299e-06,1.11379041e-08,-2.39527861e-09
1.01102278,1.04688116e-06,1.22412165e-06,1.26107576e-08,1.11593869e-12
1.01282176,1.73811909e-07,1.20568243e-06,1.31466006e-08,2.63808282e-09
1.01462073,-1.05106064e-06,8.48679887e-07,1.23332086e-08,5.15379941e-09
1.0164197,-2.65223408e-06,5.67574807e-08,9.7858783e-09,7.08472088e-09
1.01821868,-4.63774348e-06,-1.2531585e-06,5.18343612e-09,7.87734021e-09
1.02001765,-6.99541499e-06,-3.14096475e-06,-1.70497022e-09,6.91407868e-09
1.02181662,-9.68969642e-06,-5.63364253e-06,-1.10039565e-08,3.55529612e-09
1.02361559,-1.26593595e-05,-8.71651319e-06,-2.27254601e-08,-2.80321806e-09
1.02541457,-1.5816356e-05,-1.23263623e-05,-3.67680582e-08,-1.26610144e-08
1.02721354,-1.90460766e-05,-1.63472722e-05,-5.29174138e-08,-2.63386451e-08
1.02901251,-2.22092091e-05,-2.06098939e-05,-7.08439133e-08,-4.3906835e-08
1.03081149,-2.51453188e-05,-2.48946989e-05,-9.0095656e-08,-6.51283529e-08
1.03261046,-2.76781837e-05,-2.89395014e-05,-1.10087837e-07,-8.94207483e-08
1.03440943,-2.96228134e-05,-3.24512261e-05,-1.30092403e-07,-1.15845738e-07
1.03620841,-3.07939643e-05,-3.51215557e-05,-1.49233867e-07,-1.43127855e-07
1.03800738,-3.10158464e-05,-3.66457395e-05,-1.6649767e-07,-1.69701752e-07
1.03980635,-3.01326034e-05,-3.67435148e-05,-1.80756365e-07,-1.93785006e-07
1.04160532,-2.80190457e-05,-3.51808151e-05,-1.90816225e-07,-2.13471701e-07
1.0434043,-2.45910345e-05,-3.17907402e-05,-1.95483295e-07,-2.26841524e-07
1.04520327,-1.98148644e-05,-2.64921715e-05,-1.93644214e-07,-2.32079158e-07
1.04700224,-1.37149771e-05,-1.93044412e-05,-1.84354109e-07,-2.27598767e-07
1.04880122,-6.37936589e-06,-1.03566207e-05,-1.66922213e-07,-2.12168002e-07
1.05060019,2.03789615e-06,1.0972531e-07,-1.40985939e-07,-1.85024855e-07
1.05239916,1.13174545e-05,1.17450761e-05,-1.06565851e-07,-1.45979341e-07
1.05419813,2.1179088e-05,2.41040537e-05,-6.40968596e-08,-9.54907791e-08
1.05599711,3.12898353e-05,3.66648091e-05,-1.44343329e-08,-3.47111645e-08
1.05779608,4.12757115e-05,4.88548569e-05,4.11632494e-08,3.45137662e-08
1.05959505,5.07366602e-05,6.00819827e-05,1.01071509e-07,1.0969152e-07
1.06139403,5.92641592e-05,6.97683799e-05,1.63353121e-07,1.87779731e-07
1.063193,6.64606901e-05,7.73858214e-05,2.25823109e-07,2.65330147e-07
1.06499197,7.1960102e-05,8.24894708e-05,2.86124551e-07,3.38672258e-07
1.06679094,7.54477748e-05,8.47479087e-05,3.41814338e-07,4.04124955e-07
1.06858992,7.66794135e-05,8.39671148e-05,3.90459365e-07,4.58221474e-07
1.07038889,7.54973081e-05,8.0106485e-05,4.2974312e-07,4.97931009e-07
1.07218786,7.18429592e-05,7.32854771e-05,4.57580852e-07,5.20860042e-07
1.07398684,6.57651208e-05,6.37801125e-05,4.7223874e-07,5.25417624e-07
1.07578581,5.74225227e-05,5.2009288e-05,4.72449606e-07,5.10931687e-07
1.07758478,4.70808156e-05,3.85116047e-05,4.57515376e-07,4.77707479e-07
1.07938376,3.51036044e-05,2.39141408e-05,4.27385629e-07,4.27024143e-07
1.08118273,2.19377897e-05,8.89523067e-06,3.82702458e-07,3.61070329e-07
1.0829817,8.09379987e-06,-5.85620548e-06,3.24804414e-07,2.82823996e-07
1.08478067,-5.87836096e-06,-1.96819391e-05,2.55686159e-07,1.95884742e-07
1.08657965,-1.94160202e-05,-3.19933991e-05,1.77914785e-07,1.04268965e-07
1.08837862,-3.19722317e-05,-4.23055611e-05,9.45079598e-08,1.21794665e-08
1.09017759,-4.30440365e-05,-5.02633698e-05,8.78241899e-09,-7.62377983e-08
1.09197657,-5.21989139e-05,-5.56588691e-05,-7.58164246e-08,-1.57135764e-07
1.09377554,-5.90977974e-05,-5.8437933e-05,-1.55892021e-07,-2.27191568e-07
1.09557451,-6.35131931e-05,-5.86962927e-05,-2.28269889e-07,-2.83798625e-07
1.09737348,-6.53412011e-05,-5.66653857e-05,-2.90156255e-07,-3.25209499e-07
1.09917246,-6.46065931e-05,-5.26893386e-05,-3.39273823e-07,-3.50616451e-07
1.10097143,-6.14605207e-05,-4.71950695e-05,-3.73968724e-07,-3.60161938e-07
1.1027704,-5.61708895e-05,-4.06580035e-05,-3.93284876e-07,-3.54878564e-07
1.10456938,-4.91059106e-05,-3.35661917e-05,-3.97003872e-07,-3.36565641e-07
1.10636835,-4.07117898e-05,-2.63856803e-05,-3.85649632e-07,-3.07616074e-07
1.10816732,-3.1485913e-05,-1.95297957e-05,-3.6045762e-07,-2.70811275e-07
1.1099663,-2.19471981e-05,-1.33345983e-05,-3.23308632e-07,-2.29103066e-07
1.11176527,-1.26054907e-05,-8.04216648e-06,-2.7662765e-07,-1.85400327e-07
1.11356424,-3.93195846e-06,-3.79264595e-06,-2.23249591e-07,-1.42375563e-07
1.11536321,3.66761169e-06,-6.25210709e-07,-1.66256323e-07,-1.02303632e-07
1.11716219,9.87489354e-06,1.512692e-06,-1.08792941e-07,-6.69420421e-08
1.11896116,1.44750637e-05,2.74913926e-06,-5.38753069e-08,-3.74594267e-08
1.12076013,1.73657981e-05,3.26645318e-06,-4.20405232e-09,-1.44155613e-08
1.12255911,1.85586969e-05,3.27709198e-06,3.79984378e-08,2.20779119e-09
1.12435808,1.81731384e-05,2.9991071e-06,7.11130045e-08,1.29306047e-08
1.12615705,1.64230933e-05,2.63348351e-06,9.41997453e-08,1.86628228e-08
1.12795602,1.35979262e-05,2.34538601e-06,1.07020226e-07,2.05703302e-08
1.129755,1.00386393e-05,2.25085772e-06,1.1000749e-07,1.99331004e-08
1.13155397,6.11132864e-06,2.40990658e-06,1.04190888e-07,1.80089565e-08
1.13335294,2.17981337e-06,2.82623615e-06,9.10860413e-08,1.59138464e-08
1.13515192,-1.4205657e-06,3.45319672e-06,7.25611939e-08,1.45265862e-08
1.13695089,-4.40609071e-06,4.20492251e-06,5.06904e-08,1.44236174e-08
1.13874986,-6.56312302e-06,4.97113885e-06,2.76025693e-08,1.58476917e-08
1.14054883,-7.76061414e-06,5.6338158e-06,5.33430481e-09,1.87129767e-08
1.14234781,-7.95588239e-06,6.08373683e-06,-1.43057764e-08,2.26468478e-08
1.14414678,-7.19338997e-06,6.23514654e-06,-2.98532562e-08,2.70649067e-08
1.14594575,-5.59679613e-06,6.03692409e-06,-4.02766498e-08,3.12707454e-08
1.14774473,-3.35507715e-06,5.47916398e-06,-4.50317527e-08,3.45669753e-08
1.1495437,-7.03956023e-07,4.59458644e-06,-4.40773121e-08,3.6360944e-08
1.15134267,2.09576484e-06,3.45478577e-06,-3.78515264e-08,3.62490007e-08
1.15314165,4.78115193e-06,2.16189775e-06,-2.72128854e-08,3.40675319e-08
1.15494062,7.10948106e-06,8.367627e-07,-1.33519748e-08,2.99061619e-08
1.15673959,8.87816237e-06,-3.94971086e-07,2.31758972e-09,2.408617e-08
1.15853856,9.94067325e-06,-1.41716006e-06,1.82808708e-08,1.71128385e-08
1.16033754,1.0217281e-05,-2.13623992e-06,3.30483291e-08,9.61256574e-09
1.16213651,9.69979278e-06,-2.49158413e-06,4.52801436e-08,2.2642299e-09
1.16393548,8.45008028e-06,-2.46200814e-06,5.38999373e-08,-4.26895022e-09
1.16573446,6.59265315e-06,-2.06774156e-06,5.81882162e-08,-9.403743e-09
1.16753343,4.30204474e-06,-1.36771595e-06,5.78448039e-08,-1.26950747e-08
1.1693324,1.7861987e-06,-4.52546263e-07,5.30105384e-08,-1.38844554e-08
1.17113137,-7.32637732e-07,5.65940014e-07,4.42425375e-08,-1.29328703e-08
1.17293035,-3.03781697e-06,1.56739978e-06,3.24442279e-08,-1.00312074e-08
1.17472932,-4.93724854e-06,2.43644094e-06,1.87594353e-08,-5.58284752e-09
1.17652829,-6.27977159e-06,3.07533583e-06,4.44656206e-09,-1.5757311e-10
1.17832727,-6.96754907e-06,3.41456162e-06,-9.2481987e-09,5.57787659e-09
1.18012624,-6.96345906e-06,3.42000799e-06,-2.12017224e-08,1.09418016e-08
1.18192521,-6.29291777e-06,3.09608163e-06,-3.04982707e-08,1.53186825e-08
1.18372419,-5.04007629e-06,2.48441171e-06,-3.64846544e-08,1.8227275e-08
1.18552316,-3.33884061e-06,1.65836625e-06,-3.8800172e-08,1.93677334e-08
1.18732213,-1.35962298e-06,7.14067164e-07,-3.73878971e-08,1.86451468e-08
1.1891211,7.06900176e-07,-2.41015264e-07,-3.24920581e-08,1.61709973e-08
1.19092008,2.6675047e-06,-1.10054533e-06,-2.46415862e-08,1.2245734e-08
1.19271905,4.34398816e-06,-1.77143727e-06,-1.46154519e-08,7.32515658e-09
1.19451802,5.5890141e-06,-2.18422489e-06,-3.38419278e-09,1.97215803e-09
1.196317,6.29883337e-06,-2.30053141e-06,7.97450673e-09,-3.20459029e-09
1.19811597,6.42178369e-06,-2.1168363e-06,1.8381101e-08,-7.62124805e-09
1.19991494,5.96186073e-06,-1.66417143e-06,2.68672716e-08,-1.07911708e-08
1.20171391,4.97710567e-06,-1.00384725e-06,3.26786831e-08,-1.23880073e-08
1.20351289,3.57302956e-06,-2.1976167e-07,3.53497301e-08,-1.22875646e-08
1.20531186,1.89175134e-06,5.91772422e-07,3.47388379e-08,-1.05794283e-08
1.20711083,9.79216e-08,1.33346914e-06,3.10225463e-08,-7.5457826e-09
1.20890981,-1.63720124e-06,1.91843451e-06,2.4655847e-08,-3.6126942e-09
1.21070878,-3.15199372e-06,2.28012872e-06,1.63114702e-08,7.14640928e-10
1.21250775,-4.30948968e-06,2.37977699e-06,6.8104278e-09,4.91891697e-09
1.21430672,-5.00978252e-06,2.21039345e-06,-2.94871631e-09,8.52858035e-09
1.2161057,-5.19868246e-06,1.79699316e-06,-1.20604102e-08,1.1160677e-08
1.21790467,-4.87188117e-06,1.19302683e-06,-1.96845586e-08,1.25488416e-08
1.21970364,-4.07431447e-06,4.73521431e-07,-2.512165e-08,1.2560265e-08
1.22150262,-2.89486964e-06,-2.74206389e-07,-2.78858989e-08,1.12053989e-08
1.22330159,-1.45701458e-06,-9.61125039e-07,-2.77651394e-08,8.64093088e-09
1.22510056,9.37036484e-08,-1.50708066e-06,-2.48526152e-08,5.16251453e-09
1.22689954,1.60406359e-06,-1.85015886e-06,-1.9538269e-08,1.18166594e-09
1.22869851,2.92808217e-06,-1.95373248e-06,-1.24558697e-08,-2.81701795e-09
1.23049748,3.94099989e-06,-1.81040035e-06,-4.39436913e-09,-6.33674295e-09
1.23229645,4.55099685e-06,-1.44239564e-06,3.80769015e-09,-8.93896897e-09
1.23409543,4.70752255e-06,-8.9846101e-07,1.1361706e-08,-1.03095595e-08
1.2358944,4.40546028e-06,-2.47602498e-07,1.7603579e-08,-1.03057255e-08
1.23769337,3.68476679e-06,4.29499462e-07,2.20351245e-08,-8.97300935e-09
1.23949235,2.62568587e-06,1.05036902e-06,2.43367645e-08,-6.52950906e-09
1.24129132,1.34007958e-06,1.54070167e-06,2.43647552e-08,-3.32324478e-09
1.24309029,-4.01973475e-08,1.8432127e-06,2.21473352e-08,2.25311089e-10
1.24488926,-1.37667629e-06,1.92430587e-06,1.78873691e-08,3.68209625e-09
1.24668824,-2.53805628e-06,1.7777768e-06,1.19679538e-08,6.64951527e-09
1.24848721,-3.41302953e-06,1.42513829e-06,4.9479247e-09,8.80334622e-09
1.25028618,-3.92091588e-06,9.12575377e-07,-2.46846931e-09,9.91759366e-09
1.25208516,-4.0191066e-06,3.04950833e-07,-9.49713045e-09,9.880922e-09
1.25388413,-3.70663907e-06,-3.22364486e-07,-1.53712123e-08,8.70716938e-09
1.2556831,-3.02360123e-06,-8.92811883e-07,-1.94518078e-08,6.5389032e-09
1.25748207,-2.04646674e-06,-1.33797018e-06,-2.13254441e-08,3.63961423e-09
1.25928105,-8.79856278e-07,-1.60575989e-06,-2.08625903e-08,3.69474029e-10
1.26108002,3.54426674e-07,-1.66655148e-06,-1.82223455e-08,-2.85730185e-09
1.26287899,1.52996189e-06,-1.51646629e-06,-1.38051383e-08,-5.62949557e-09
1.26467797,2.5285904e-06,-1.17750177e-06,-8.17083001e-09,-7.60019272e-09
1.26647694,3.25228183e-06,-6.94496341e-07,-1.94776402e-09,-8.53887387e-09
1.26827591,3.6327785e-06,-1.2933119e-07,4.24390284e-09,-8.36220086e-09
1.27007489,3.63804762e-06,4.46899124e-07,9.8421465e-09,-7.137306e-09
1.27187386,3.27492192e-06,9.62767295e-07,1.43679857e-08,-5.05949215e-09
1.27367283,2.58772089e-06,1.35533765e-06,1.74377439e-08,-2.41318373e-09
1.2754718,1.65306784e-06,1.57783793e-06,1.87775595e-08,4.72090193e-10
1.27727078,5.71504745e-07,1.60523352e-06,1.82486537e-08,3.2608785e-09
1.27906975,-5.43183168e-07,1.43703141e-06,1.58801819e-08,5.64184037e-09
1.28086872,-1.57581426e-06,1.09699858e-06,1.18956831e-08,7.35026127e-09
1.2826677,-2.42161788e-06,6.2987246e-07,6.71493475e-09,8.18795068e-09
1.28446667,-2.9968163e-06,9.55167124e-08,9.18065499e-10,8.04433938e-09
1.28626564,-3.24692924e-06,-4.38714386e-07,-4.82870666e-09,6.91787307e-09
1.28806461,-3.15198018e-06,-9.06432544e-07,-9.87171819e-09,4.93118741e-09
1.28986359,-2.72809348e-06,-1.2504397e-06,-1.36686652e-08,2.33048065e-09
1.29166256,-2.02533632e-06,-1.42971224e-06,-1.58621843e-08,-5.38677437e-10
1.29346153,-1.12204653e-06,-1.42430189e-06,-1.63114052e-08,-3.28017116e-09
1.29526051,-1.16258902e-07,-1.23757166e-06,-1.5079385e-08,-5.51285295e-09
1.29705948,8.84844686e-07,-8.9551285e-07,-1.23889091e-08,-6.93742174e-09
1.29885845,1.77632234e-06,-4.4324707e-07,-8.5674593e-09,-7.3871315e-09
1.30065743,2.46647097e-06,6.08355518e-08,-4.00099166e-09,-6.84913439e-09
1.3024564,2.88626634e-06,5.5255575e-07,8.93385864e-10,-5.45263397e-09
1.30425537,2.99626196e-06,9.70090633e-07,5.67885766e-09,-3.43062991e-09
1.30605434,2.79025896e-06,1.26174831e-06,9.90778166e-09,-1.0695007e-09
1.30785332,2.29542083e-06,1.39238342e-06,1.31438094e-08,1.33795555e-09
1.30965229,1.56888989e-06,1.34764503e-06,1.50063831e-08,3.52529889e-09
1.31145126,6.91323055e-07,1.13553543e-06,1.52338889e-08,5.26884293e-09
1.31325024,-2.41931372e-07,7.8511293e-07,1.37486464e-08,6.39341877e-09
1.31504921,-1.13107132e-06,3.42542633e-07,1.06999002e-08,6.77689054e-09
1.31684818,-1.88242156e-06,-1.34963505e-07,6.46388708e-09,6.36058495e-09
1.31864715,-2.41826107e-06,-5.86518651e-07,1.59246515e-09,5.16611374e-09
1.32044613,-2.68488008e-06,-9.55297117e-07,-3.28090742e-09,3.31154033e-09
1.3222451,-2.65802744e-06,-1.19566004e-06,-7.55380809e-09,1.01555962e-09
1.32404407,-2.34517556e-06,-1.27878939e-06,-1.07551724e-08,-1.42010709e-09
1.32584305,-1.78436383e-06,-1.19614537e-06,-1.26068356e-08,-3.65277379e-09
1.32764202,-1.03975148e-06,-9.60336906e-07,-1.30339736e-08,-5.35822857e-09
1.32944099,-1.94377288e-07,-6.03314977e-07,-1.21302859e-08,-6.29245624e-09
1.33123996,6.59061109e-07,-1.72129777e-07,-1.00986145e-08,-6.33801451e-09
1.33303894,1.42837177e-06,2.77203371e-07,-7.19331874e-09,-5.52174085e-09
1.33483791,2.03184147e-06,6.86943691e-07,-3.68514449e-09,-3.99995677e-09
1.33663688,2.40691995e-06,1.00503943e-06,1.44696074e-10,-2.01805972e-09
1.33843586,2.51668539e-06,1.19175959e-06,3.99060391e-09,1.41099814e-10
1.34023483,2.35343166e-06,1.22468521e-06,7.5091374e-09,2.20430353e-09
1.3420338,1.93905064e-06,1.10141915e-06,1.03271396e-08,3.9396849e-09
1.34383278,1.32223541e-06,8.39678258e-07,1.20827335e-08,5.1707844e-09
1.34563175,5.72862538e-07,4.74782225e-07,1.24941907e-08,5.77860183e-09
1.34743072,-2.2580801e-07,5.48976827e-08,1.14361222e-08,5.70100509e-09
1.34922969,-9.86268105e-07,-3.65314011e-07,8.99467414e-09,4.9368097e-09
1.35102867,-1.62626071e-06,-7.31801167e-07,5.47731839e-09,3.55545033e-09
1.35282764,-2.07763974e-06,-9.98054877e-07,1.36734562e-09,1.70599223e-09
1.35462661,-2.29364947e-06,-1.13098902e-06,-2.76735328e-09,-3.84732824e-10
1.35642559,-2.25383912e-06,-1.11503604e-06,-6.38509454e-09,-2.43338166e-09
1.35822456,-1.96607125e-06,-9.5396293e-07,-9.06789069e-09,-4.14222847e-09
1.36002353,-1.46539516e-06,-6.70201746e-07,-1.05784741e-08,-5.25432023e-09
1.3618225,-8.09907251e-07,-3.01798389e-07,-1.08655744e-08,-5.6065464e-09
1.36362148,-7.40690585e-08,1.02620809e-07,-1.0025492e-08,-5.16394924e-09
1.36542045,6.59746379e-07,4.9021658e-07,-8.24277103e-09,-4.02389639e-09
1.36721942,1.31050154e-06,8.10817936e-07,-5.73702806e-09,-2.38893299e-09
1.3690184,1.80747173e-06,1.02342488e-06,-2.73540444e-09,-5.17976379e-10
1.37081737,2.09793864e-06,1.10148272e-06,5.25494233e-10,1.32761661e-09
1.37261634,2.15275863e-06,1.0362348e-06,3.78066025e-09,2.92657682e-09
1.37441532,1.96923035e-06,8.3771464e-07,6.72283392e-09,4.11897547e-09
1.37621429,1.57100584e-06,5.33257052e-07,9.0142485e-09,4.80645826e-09
1.37801326,1.00511944e-06,1.63744482e-07,1.03323363e-08,4.94057505e-09
1.37981223,3.36512426e-07,-2.21889419e-07,1.04404639e-08,4.51185696e-09
1.38161121,-3.59318877e-07,-5.73148764e-07,9.26013507e-09,3.54903602e-09
1.38341018,-1.00474385e-06,-8.44586865e-07,6.91594286e-09,2.12955049e-09
1.38520915,-1.52858021e-06,-1.00167223e-06,3.73165695e-09,3.93470903e-10
1.38700813,-1.87391683e-06,-1.02515879e-06,1.72659545e-10,-1.45211177e-09
1.3888071,-2.004328e-06,-9.13420492e-07,-3.250289e-09,-3.14949898e-09
1.39060607,-1.9077912e-06,-6.82481156e-07,-6.08645723e-09,-4.43072466e-09
1.39240504,-1.59785958e-06,-3.63765059e-07,-8.02702747e-09,-5.07386261e-09
1.39420402,-1.11194273e-06,1.2219526e-10,-8.94024692e-09,-4.95839401e-09
1.39600299,-5.06881753e-07,3.61030727e-07,-8.85485759e-09,-4.10026799e-09
1.39780196,1.47671943e-07,6.71593721e-07,-7.90621491e-09,-2.65289139e-09
1.39960094,7.77296028e-07,8.91428182e-07,-6.27208707e-09,-8.71946035e-10
1.40139991,1.31130456e-06,9.92402126e-07,-4.12585981e-09,9.45105458e-10
1.40319888,1.69072296e-06,9.62273933e-07,-1.62378602e-09,2.52513153e-09
1.40499785,1.87481064e-06,8.06216833e-07,1.07493648e-09,3.67035879e-09
1.40679683,1.84540598e-06,5.46020598e-07,3.7732018e-09,4.28073646e-09
1.4085958,1.6086454e-06,2.17077691e-07,6.21230405e-09,4.34610851e-09
1.41039477,1.19392435e-06,-1.36432944e-07,8.0816491e-09,3.91834559e-09
1.41219375,6.50280975e-07,-4.67501412e-07,9.06927844e-09,3.07989767e-09
1.41399272,4.06563478e-08,-7.32564409e-07,8.94137081e-09,1.92366589e-09
1.41579169,-5.65304362e-07,-8.97252379e-07,7.62338822e-09,5.50758378e-10
1.41759067,-1.09911093e-06,-9.40841264e-07,5.25065506e-09,-9.18256771e-10
1.41938964,-1.5010936e-06,-8.58836132e-07,2.16448749e-09,-2.33125989e-09
1.42118861,-1.72704609e-06,-6.6337809e-07,-1.15133779e-09,-3.50589318e-09
1.42298758,-1.75311935e-06,-3.81460357e-07,-4.17719018e-09,-4.25254262e-09
1.42478656,-1.57841527e-06,-5.1223046e-08,-6.47443196e-09,-4.41637974e-09
1.42658553,-1.22497045e-06,2.83165643e-07,-7.7755551e-09,-3.92512482e-09
1.4283845,-7.35108276e-07,5.77366232e-07,-8.02046771e-09,-2.82372125e-09
1.43018348,-1.66444966e-07,7.92704128e-07,-7.33173488e-09,-1.27975748e-09
1.43198245,4.14876204e-07,9.01234076e-07,-5.94378333e-09,4.46501068e-10
1.43378142,9.41920946e-07,8.89378416e-07,-4.1167593e-09,2.0602804e-09
1.43558039,1.35474007e-06,7.59661684e-07,-2.06875808e-09,3.30049636e-09
1.43737937,1.60724964e-06,5.30305069e-07,5.04393715e-11,3.99590519e-09
1.43917834,1.67239956e-06,2.32723546e-07,2.14057938e-09,4.09200015e-09
1.44097731,1.54504249e-06,-9.27480053e-08,4.10387246e-09,3.64301117e-09
1.44277629,1.24221291e-06,-4.02325435e-07,5.79891975e-09,2.77665229e-09
1.44457526,8.0084688e-07,-6.54695174e-07,7.02428621e-09,1.64862555e-09
1.44637423,2.73271329e-07,-8.16567582e-07,7.54688349e-09,4.05495144e-10
1.44817321,-2.78969357e-07,-8.67099365e-07,7.16959805e-09,-8.31945726e-10
1.44997218,-7.92222244e-07,-8.00585089e-07,5.81341411e-09,-1.96401437e-09
1.45177115,-1.20797057e-06,-6.27069087e-07,3.57989756e-09,-2.89617445e-09
1.45357012,-1.4794238e-06,-3.70825701e-07,7.64616981e-10,-3.52700787e-09
1.4553691,-1.57674414e-06,-6.69505813e-08,-2.19063875e-09,-3.75269198e-09
1.45716807,-1.49034467e-06,2.4344501e-07,-4.79589795e-09,-3.49128631e-09
1.45896704,-1.23189075e-06,5.18773479e-07,-6.63073002e-09,-2.71869266e-09
1.46076602,-8.3287494e-07,7.22503548e-07,-7.44291066e-09,-1.50002608e-09
1.46256499,-3.40900657e-07,8.27965901e-07,-7.19594151e-09,6.36953378e-13
1.46436396,1.85922927e-07,8.21818189e-07,-6.05222926e-09,1.54186216e-09
1.46616293,6.85834771e-07,7.05732375e-07,-4.3023178e-09,2.85513372e-09
1.46796191,1.10071284e-06,4.96092793e-07,-2.2694729e-09,3.70897852e-09
1.46976088,1.38291664e-06,2.21744079e-07,-2.25748114e-10,3.96560469e-09
1.47155985,1.50084015e-06,-7.9921657e-08,1.65198629e-09,3.6108207e-09
1.47335883,1.44249592e-06,-3.68027718e-07,3.27617767e-09,2.74793969e-09
1.4751578,1.21670832e-06,-6.03751968e-07,4.60465773e-09,1.55996088e-09
1.47695677,8.51807055e-07,-7.55590171e-07,5.58606327e-09,2.55791735e-10
1.47875574,3.92030595e-07,-8.03616006e-07,6.12529666e-09,-9.79163881e-10
1.48055472,-1.07874285e-07,-7.42141423e-07,6.08942747e-09,-2.01179371e-09
1.48235369,-5.89173054e-07,-5.80404235e-07,5.35511314e-09,-2.76379281e-09
1.48415266,-9.95999906e-07,-3.41192856e-07,3.87852212e-09,-3.19447652e-09
1.48595164,-1.28176387e-06,-5.76161152e-08,1.75646672e-09,-3.27873871e-09
1.48775061,-1.41440088e-06,2.3150975e-07,-7.51649471e-10,-2.99566792e-09
1.48954958,-1.37991541e-06,4.86996372e-07,-3.2574801e-09,-2.33623678e-09
1.49134856,-1.1838465e-06,6.74594683e-07,-5.32782328e-09,-1.32706132e-09
1.49314753,-8.50510499e-07,7.69561091e-07,-6.59352527e-09,-5.69668838e-11
1.4949465,-4.20102388e-07,7.59880529e-07,-6.84655288e-09,1.31096953e-09
1.49674547,5.60344432e-08,6.47745484e-07,-6.09160622e-09,2.55482217e-09
1.49854445,5.21452091e-07,4.49128263e-07,-4.53470208e-09,3.43828279e-09
1.50034342,9.21270723e-07,1.91530704e-07,-2.5140303e-09,3.77243018e-09
